WRIST.x,WRIST.y,WRIST.z,THUMB_CMC.x,THUMB_CMC.y,THUMB_CMC.z,THUMB_MCP.x,THUMB_MCP.y,THUMB_MCP.z,THUMB_IP.x,THUMB_IP.y,THUMB_IP.z,THUMB_TIP.x,THUMB_TIP.y,THUMB_TIP.z,INDEX_FINGER_MCP.x,INDEX_FINGER_MCP.y,INDEX_FINGER_MCP.z,INDEX_FINGER_PIP.x,INDEX_FINGER_PIP.y,INDEX_FINGER_PIP.z,INDEX_FINGER_DIP.x,INDEX_FINGER_DIP.y,INDEX_FINGER_DIP.z,INDEX_FINGER_TIP.x,INDEX_FINGER_TIP.y,INDEX_FINGER_TIP.z,MIDDLE_FINGER_MCP.x,MIDDLE_FINGER_MCP.y,MIDDLE_FINGER_MCP.z,MIDDLE_FINGER_PIP.x,MIDDLE_FINGER_PIP.y,MIDDLE_FINGER_PIP.z,MIDDLE_FINGER_DIP.x,MIDDLE_FINGER_DIP.y,MIDDLE_FINGER_DIP.z,MIDDLE_FINGER_TIP.x,MIDDLE_FINGER_TIP.y,MIDDLE_FINGER_TIP.z,RING_FINGER_MCP.x,RING_FINGER_MCP.y,RING_FINGER_MCP.z,RING_FINGER_PIP.x,RING_FINGER_PIP.y,RING_FINGER_PIP.z,RING_FINGER_DIP.x,RING_FINGER_DIP.y,RING_FINGER_DIP.z,RING_FINGER_TIP.x,RING_FINGER_TIP.y,RING_FINGER_TIP.z,PINKY_MCP.x,PINKY_MCP.y,PINKY_MCP.z,PINKY_PIP.x,PINKY_PIP.y,PINKY_PIP.z,PINKY_DIP.x,PINKY_DIP.y,PINKY_DIP.z,PINKY_TIP.x,PINKY_TIP.y,PINKY_TIP.z,TIME
0.4989520311355591,0.6645397543907166,0.0,0.4955284297466278,0.6770042181015015,-0.008276287466287613,0.4958467483520508,0.6912273168563843,-0.01432092860341072,0.4971866309642792,0.7052596211433411,-0.018505115061998367,0.4968053996562958,0.7184380888938904,-0.022271284833550453,0.5016494989395142,0.6741019487380981,-0.02067583240568638,0.5044583678245544,0.6982758641242981,-0.026587896049022675,0.5032862424850464,0.7131468057632446,-0.02741972543299198,0.5005258321762085,0.7233735918998718,-0.027127834036946297,0.5090630650520325,0.6709157228469849,-0.0184042789041996,0.5135660767555237,0.6975256204605103,-0.023332349956035614,0.5137751698493958,0.7141419053077698,-0.02293475531041622,0.5124409794807434,0.7255404591560364,-0.02264571189880371,0.5152798295021057,0.6697906255722046,-0.01598432846367359,0.5200348496437073,0.6937738656997681,-0.020299291238188744,0.5197159051895142,0.7079706788063049,-0.02026173658668995,0.5182712078094482,0.7177562117576599,-0.020162327215075493,0.5200805068016052,0.6716575026512146,-0.013964058831334114,0.5262643098831177,0.687173068523407,-0.017804840579628944,0.5285211205482483,0.6982903480529785,-0.01861977018415928,0.5291451215744019,0.7077826857566833,-0.01886087656021118,0.054114400000003116
0.499253511428833,0.6637317538261414,0.0,0.49530985951423645,0.6754983067512512,-0.010038105770945549,0.4955933094024658,0.6896963715553284,-0.01736968755722046,0.4972314238548279,0.7046387791633606,-0.022198013961315155,0.49797287583351135,0.7189106941223145,-0.026572540402412415,0.49995604157447815,0.6722651720046997,-0.025522280484437943,0.503848135471344,0.6972289681434631,-0.032036032527685165,0.502663254737854,0.7126976251602173,-0.03252631798386574,0.4996878504753113,0.7239421606063843,-0.03193458542227745,0.5073693990707397,0.6689023971557617,-0.022290371358394623,0.5136209726333618,0.69649738073349,-0.027677934616804123,0.5142682194709778,0.7135612964630127,-0.026727426797151566,0.513214111328125,0.7257596850395203,-0.026093605905771255,0.5138214826583862,0.6680237054824829,-0.01878243498504162,0.5200800895690918,0.6932356357574463,-0.02341592125594616,0.5199660658836365,0.7075150609016418,-0.02320859767496586,0.5186258554458618,0.7176269888877869,-0.023064322769641876,0.5191624164581299,0.6705396175384521,-0.01564233936369419,0.5260236263275146,0.6872414350509644,-0.019753308966755867,0.5285422801971436,0.6987695097923279,-0.02071746066212654,0.5294358134269714,0.7084803581237793,-0.021137051284313202,0.09690420000003996
0.4994502067565918,0.6633591651916504,0.0,0.49548202753067017,0.6743691563606262,-0.009853221476078033,0.49569275975227356,0.6883092522621155,-0.01709824800491333,0.4974803030490875,0.703643798828125,-0.02194266766309738,0.49836233258247375,0.7189360857009888,-0.026459328830242157,0.49974367022514343,0.6717300415039062,-0.025404643267393112,0.5030816793441772,0.6951184868812561,-0.03217801824212074,0.5025777816772461,0.7100739479064941,-0.03301402926445007,0.5003206133842468,0.720872163772583,-0.032692957669496536,0.507878839969635,0.6694236993789673,-0.0223951768130064,0.5128101110458374,0.6957805752754211,-0.028082115575671196,0.5134382247924805,0.7132051587104797,-0.02747526578605175,0.5126718282699585,0.7260770797729492,-0.027102623134851456,0.5147486329078674,0.6689793467521667,-0.019112713634967804,0.5201883912086487,0.6929325461387634,-0.024320930242538452,0.5201142430305481,0.7083843350410461,-0.024594107642769814,0.5191018581390381,0.7201552987098694,-0.024738341569900513,0.5202198624610901,0.6716910600662231,-0.01615801267325878,0.5261382460594177,0.687536358833313,-0.020774099975824356,0.5285361409187317,0.6989622712135315,-0.022018225863575935,0.5296411514282227,0.7089381217956543,-0.022598465904593468,0.1438937000000351
0.5002387762069702,0.6635693311691284,0.0,0.4963013529777527,0.6746023893356323,-0.01128752063959837,0.4963616728782654,0.6887804269790649,-0.019627807661890984,0.49794501066207886,0.7041317224502563,-0.02504540979862213,0.49893295764923096,0.7189636826515198,-0.030044060200452805,0.49977922439575195,0.6705087423324585,-0.02972451224923134,0.5032778382301331,0.6935440301895142,-0.037157997488975525,0.5028214454650879,0.7090824246406555,-0.03795832768082619,0.5009000897407532,0.7205308675765991,-0.03758343309164047,0.5076535940170288,0.6676992774009705,-0.02593242935836315,0.5127785205841064,0.6952366828918457,-0.03238939121365547,0.5132147073745728,0.713161051273346,-0.03144962713122368,0.5123075246810913,0.7261977791786194,-0.03083573654294014,0.5145130753517151,0.6676126718521118,-0.021682268008589745,0.5196740627288818,0.6926776766777039,-0.027382124215364456,0.5194004774093628,0.7085230946540833,-0.02740904502570629,0.5183027386665344,0.7201871275901794,-0.027370596304535866,0.5200491547584534,0.6709160804748535,-0.01774919591844082,0.5255516767501831,0.6880053281784058,-0.022563742473721504,0.5276366472244263,0.6999236345291138,-0.023790668696165085,0.5286084413528442,0.7097873687744141,-0.02438690885901451,0.18894209999996292
0.4998512268066406,0.6655402779579163,0.0,0.4963115155696869,0.6774436831474304,-0.009697799570858479,0.49654197692871094,0.6916433572769165,-0.016463754698634148,0.4979230761528015,0.706933856010437,-0.020594820380210876,0.4978492558002472,0.7208865880966187,-0.02421378716826439,0.5015274882316589,0.6730642914772034,-0.02571096271276474,0.5051489472389221,0.6982907652854919,-0.03166599199175835,0.5038020610809326,0.7128070592880249,-0.03150049224495888,0.5010706186294556,0.7227477431297302,-0.03049704246222973,0.5092635154724121,0.6692071557044983,-0.022259319201111794,0.5148773789405823,0.6972885131835938,-0.027026256546378136,0.5154767632484436,0.7140629887580872,-0.025272764265537262,0.5146150588989258,0.725727915763855,-0.02421281486749649,0.5155066251754761,0.6684086322784424,-0.018447428941726685,0.5207222700119019,0.6936264634132385,-0.022901011630892754,0.5203832387924194,0.7076400518417358,-0.022566242143511772,0.5193263292312622,0.7175973653793335,-0.02226247638463974,0.5203112959861755,0.6715207099914551,-0.014915832318365574,0.5260176062583923,0.6873644590377808,-0.019250033423304558,0.5282670855522156,0.6986870765686035,-0.0204379390925169,0.5294785499572754,0.7088301777839661,-0.020875394344329834,0.23737559999995028
0.5004557967185974,0.6691621541976929,0.0,0.4976453483104706,0.6809300184249878,-0.007823421619832516,0.4982694387435913,0.69504314661026,-0.014174089767038822,0.49889564514160156,0.7087468504905701,-0.01859350875020027,0.4979836940765381,0.7215085029602051,-0.022759968414902687,0.4997689425945282,0.6758970618247986,-0.02368086390197277,0.5024552345275879,0.697311282157898,-0.030105656012892723,0.5014737248420715,0.7109752297401428,-0.030746908858418465,0.4995376467704773,0.7214512228965759,-0.030348453670740128,0.5072536468505859,0.6714133024215698,-0.02169346995651722,0.5117785334587097,0.6972088813781738,-0.02715807966887951,0.5117942690849304,0.7129049897193909,-0.0262613445520401,0.5107632875442505,0.7243009805679321,-0.02571933902800083,0.5139492154121399,0.6699565649032593,-0.01930660381913185,0.5194591283798218,0.6935455799102783,-0.024170376360416412,0.5196998715400696,0.707858681678772,-0.024194994941353798,0.5190319418907166,0.7187251448631287,-0.024257509037852287,0.519716203212738,0.6721327900886536,-0.017090704292058945,0.5257985591888428,0.6870004534721375,-0.021332528442144394,0.5288426280021667,0.6978979110717773,-0.022429322823882103,0.5307312607765198,0.7077915668487549,-0.023023609071969986,0.2803341999999702
0.5012316107749939,0.6695734262466431,0.0,0.4976254105567932,0.681247353553772,-0.00909372791647911,0.49734899401664734,0.6950767636299133,-0.015578366816043854,0.4983927011489868,0.7087610960006714,-0.02001918852329254,0.49862784147262573,0.7213655114173889,-0.023999270051717758,0.5038871765136719,0.6785886287689209,-0.02134079858660698,0.5051226019859314,0.7012701034545898,-0.02750619873404503,0.5028579235076904,0.7163428664207458,-0.028662074357271194,0.4996131658554077,0.7277002930641174,-0.028591342270374298,0.5110430121421814,0.6752710938453674,-0.018532147631049156,0.5145574808120728,0.6992349624633789,-0.02347427047789097,0.5153024792671204,0.7137582898139954,-0.023303458467125893,0.514589786529541,0.7235469818115234,-0.023316990584135056,0.516718327999115,0.6740410923957825,-0.01565737836062908,0.5206787586212158,0.695663571357727,-0.019835378974676132,0.5207518339157104,0.7079586386680603,-0.020080875605344772,0.5199205875396729,0.7164468169212341,-0.020303281024098396,0.5211068987846375,0.675267219543457,-0.01324068009853363,0.526056170463562,0.6886078119277954,-0.016980400308966637,0.5284374952316284,0.6987879872322083,-0.018043816089630127,0.5295518040657043,0.7079817652702332,-0.01857771724462509,0.3300069000000576
0.5035663843154907,0.6713250279426575,0.0,0.5001868009567261,0.6824297904968262,-0.00826476700603962,0.49895593523979187,0.6958587765693665,-0.01487450860440731,0.49867409467697144,0.7091327905654907,-0.019595855847001076,0.4974496066570282,0.7217950224876404,-0.024004999548196793,0.5030615329742432,0.6797178983688354,-0.02178381383419037,0.5021005868911743,0.699272096157074,-0.028068576008081436,0.5005580186843872,0.7124316692352295,-0.029595976695418358,0.498394250869751,0.7231084704399109,-0.029932668432593346,0.510148823261261,0.6762632131576538,-0.019544726237654686,0.5113593935966492,0.6997448205947876,-0.024579456076025963,0.5121074914932251,0.7145057320594788,-0.024677710607647896,0.5118979811668396,0.7255350351333618,-0.025063473731279373,0.5162307620048523,0.6747954487800598,-0.01702706143260002,0.5187541246414185,0.6964219808578491,-0.021129151806235313,0.5193665623664856,0.7101666927337646,-0.02162827178835869,0.5195566415786743,0.7207392454147339,-0.02226775512099266,0.5213469862937927,0.6755054593086243,-0.014837229624390602,0.5254019498825073,0.689439594745636,-0.018317298963665962,0.5276013612747192,0.7000804543495178,-0.019373338669538498,0.5290634036064148,0.7098607420921326,-0.0201690923422575,0.37246189999996204
0.5041270852088928,0.6655351519584656,0.0,0.4992002844810486,0.6755473017692566,-0.010582434944808483,0.49743911623954773,0.6905906796455383,-0.017423778772354126,0.4974993169307709,0.7056138515472412,-0.02167360484600067,0.49689170718193054,0.7200973033905029,-0.025420894846320152,0.5077109336853027,0.681746244430542,-0.022045956924557686,0.5062487721443176,0.7045145034790039,-0.0276289414614439,0.5037364363670349,0.7185623645782471,-0.028677228838205338,0.500190794467926,0.729424238204956,-0.028612734749913216,0.5144096612930298,0.6795973777770996,-0.018013970926404,0.5150099396705627,0.7030720710754395,-0.022024646401405334,0.5146730542182922,0.7157676219940186,-0.021453844383358955,0.5132883787155151,0.7250912189483643,-0.021295255050063133,0.518980085849762,0.6787448525428772,-0.014004281722009182,0.5202926993370056,0.6993984580039978,-0.017371032387018204,0.5197551250457764,0.7096436619758606,-0.01765011064708233,0.5187710523605347,0.7174447178840637,-0.01798122189939022,0.5220906734466553,0.6790968179702759,-0.010531577281653881,0.5252649188041687,0.6928659081459045,-0.01384108979254961,0.5267069339752197,0.702288806438446,-0.014956497587263584,0.5271880030632019,0.7107647657394409,-0.015533491037786007,0.42340039999999135
0.5100855231285095,0.6772646307945251,0.0,0.505121111869812,0.6896849870681763,-0.009266462177038193,0.5020800828933716,0.7008565068244934,-0.01757287234067917,0.500546395778656,0.7124800086021423,-0.023031696677207947,0.4994540214538574,0.7233744263648987,-0.028304725885391235,0.49993038177490234,0.6760707497596741,-0.030267423018813133,0.4972299635410309,0.690352201461792,-0.03864721953868866,0.4982999563217163,0.7061803340911865,-0.04127106815576553,0.49942392110824585,0.7201777100563049,-0.04200339317321777,0.5058183073997498,0.6691195964813232,-0.02674146741628647,0.5084102153778076,0.6963071227073669,-0.03250901401042938,0.5100932717323303,0.7121675610542297,-0.031282756477594376,0.5112985968589783,0.7260043621063232,-0.0309034064412117,0.5126568078994751,0.6678376197814941,-0.022214701399207115,0.5146554708480835,0.6950327157974243,-0.026011765003204346,0.5157910585403442,0.7074094414710999,-0.023795049637556076,0.5161263346672058,0.7162472009658813,-0.022679995745420456,0.519294798374176,0.6707667112350464,-0.017860908061265945,0.5232189893722534,0.690775454044342,-0.020096372812986374,0.5241855382919312,0.7030198574066162,-0.01913457363843918,0.5244017839431763,0.7124403119087219,-0.01866396702826023,0.46755559999996876
0.49985942244529724,0.6778495907783508,0.0,0.49506235122680664,0.6847823262214661,-0.006414071656763554,0.49317097663879395,0.6934802532196045,-0.012698943726718426,0.49385249614715576,0.7064878940582275,-0.018318885937333107,0.4954482614994049,0.7176313400268555,-0.02397606521844864,0.49732449650764465,0.6795787215232849,-0.02130240947008133,0.4978277385234833,0.692172110080719,-0.028961865231394768,0.4960363507270813,0.7040978670120239,-0.03094780258834362,0.49410468339920044,0.7129113674163818,-0.03148144111037254,0.5066973567008972,0.6774189472198486,-0.021322378888726234,0.5072885751724243,0.6962195038795471,-0.029126262292265892,0.504700243473053,0.7119309902191162,-0.028990766033530235,0.501453697681427,0.7217745184898376,-0.028442496433854103,0.5146992802619934,0.6779615879058838,-0.020906247198581696,0.5171762108802795,0.6962282061576843,-0.02731369435787201,0.5149340629577637,0.7115099430084229,-0.02604524791240692,0.5118727087974548,0.72189861536026,-0.024959342554211617,0.5214972496032715,0.6812068819999695,-0.02082454226911068,0.5261093378067017,0.6931201815605164,-0.025108855217695236,0.526427686214447,0.7021716833114624,-0.024608947336673737,0.5250764489173889,0.709903359413147,-0.02387665957212448,0.6173665000000028
0.5053638815879822,0.6747697591781616,0.0,0.49887579679489136,0.6797183156013489,-0.007963018491864204,0.4960978329181671,0.6891451478004456,-0.015284509398043156,0.4956289827823639,0.7042285799980164,-0.021490056067705154,0.49641910195350647,0.7176592946052551,-0.02766936458647251,0.4984826147556305,0.673693835735321,-0.023951008915901184,0.4982386827468872,0.6889997720718384,-0.03244081139564514,0.4967629015445709,0.7023337483406067,-0.03498164936900139,0.4948330521583557,0.7125569581985474,-0.03585487976670265,0.5069658756256104,0.6732573509216309,-0.023353606462478638,0.5076345801353455,0.6961227059364319,-0.031633730977773666,0.5053010582923889,0.7125560641288757,-0.031823109835386276,0.5027365684509277,0.7227990031242371,-0.03173806145787239,0.5147256255149841,0.6754759550094604,-0.022389980033040047,0.516593873500824,0.6977038383483887,-0.02931784652173519,0.5139658451080322,0.7121000289916992,-0.028679000213742256,0.5105329155921936,0.7214542627334595,-0.028002876788377762,0.5215649604797363,0.6808122992515564,-0.021802395582199097,0.5246664881706238,0.6941505074501038,-0.026605479419231415,0.5247847437858582,0.7029197812080383,-0.026849986985325813,0.5231658220291138,0.7103937268257141,-0.026690704748034477,0.6672815000000583
0.5010307431221008,0.6731571555137634,0.0,0.49421989917755127,0.6756426692008972,-0.00799946766346693,0.4936266541481018,0.6838021874427795,-0.014049037359654903,0.49519333243370056,0.700530469417572,-0.018898067995905876,0.4966006278991699,0.7157825231552124,-0.023763949051499367,0.5022767782211304,0.6662182807922363,-0.020044226199388504,0.5016791224479675,0.6849369406700134,-0.02784297615289688,0.49884968996047974,0.7027930617332458,-0.030706245452165604,0.49608469009399414,0.7162249684333801,-0.031888123601675034,0.5099269151687622,0.6689954996109009,-0.0193693358451128,0.5130472183227539,0.6903781294822693,-0.027404746040701866,0.5115455985069275,0.7089788317680359,-0.028667133301496506,0.508571982383728,0.7220485210418701,-0.029254445806145668,0.5157953500747681,0.6737273931503296,-0.01860244944691658,0.5189035534858704,0.6976523399353027,-0.02565154619514942,0.5154621601104736,0.7135123610496521,-0.02571577951312065,0.5117291212081909,0.7227088212966919,-0.025267165154218674,0.5202656388282776,0.6806938648223877,-0.018308671191334724,0.522623598575592,0.6993668079376221,-0.023657215759158134,0.5201382040977478,0.7103437185287476,-0.024068558588624,0.5172126293182373,0.7177149057388306,-0.023728879168629646,0.7201831999999513
0.5029338002204895,0.6790096759796143,0.0,0.4980129301548004,0.6820605397224426,-0.007710181176662445,0.49628376960754395,0.6907992959022522,-0.014252101071178913,0.49748095870018005,0.7056563496589661,-0.019770832732319832,0.4996722936630249,0.7192083597183228,-0.025070445612072945,0.5035296082496643,0.6830188632011414,-0.01959969289600849,0.500776469707489,0.6902006268501282,-0.026621127501130104,0.49837735295295715,0.6987944841384888,-0.028670113533735275,0.49670282006263733,0.706003725528717,-0.029362278059124947,0.512441098690033,0.684315025806427,-0.01878581941127777,0.5089729428291321,0.6994678378105164,-0.024986684322357178,0.5065553784370422,0.71138995885849,-0.02468171715736389,0.5043101906776428,0.7191842794418335,-0.024525290355086327,0.5189805030822754,0.6858770847320557,-0.01784816011786461,0.5174829363822937,0.7010704278945923,-0.022622000426054,0.5156535506248474,0.711077868938446,-0.021461335942149162,0.5138332843780518,0.7179206013679504,-0.020938251167535782,0.524071455001831,0.6886667609214783,-0.017459144815802574,0.5246201157569885,0.6991894841194153,-0.020508235320448875,0.5233266949653625,0.7065925598144531,-0.019935013726353645,0.5212630033493042,0.712110161781311,-0.0194842629134655,0.8691644000000451
0.4996272623538971,0.6781289577484131,0.0,0.49542465806007385,0.6851764917373657,-0.006202572025358677,0.4946901798248291,0.6942319869995117,-0.01125856302678585,0.49626424908638,0.7077604532241821,-0.015722502022981644,0.4982466995716095,0.7186672687530518,-0.01995367743074894,0.5041688084602356,0.6785051822662354,-0.014909261837601662,0.5037028789520264,0.6936319470405579,-0.020721474662423134,0.5013898611068726,0.7067517638206482,-0.022643066942691803,0.49954116344451904,0.7165915369987488,-0.02332312799990177,0.5128734111785889,0.6768211126327515,-0.014369532465934753,0.5126371383666992,0.6966044902801514,-0.019707277417182922,0.5101940035820007,0.7116998434066772,-0.020258596166968346,0.507495641708374,0.7212179899215698,-0.020519757643342018,0.5197502970695496,0.6781520843505859,-0.013790568336844444,0.5207739472389221,0.6978760361671448,-0.018094709143042564,0.5177518725395203,0.7116424441337585,-0.01744934916496277,0.5144993662834167,0.7210418581962585,-0.01707802154123783,0.5252845287322998,0.6823740601539612,-0.013724781572818756,0.529916524887085,0.6946332454681396,-0.016682203859090805,0.5305813550949097,0.7042521238327026,-0.016378996893763542,0.5294596552848816,0.7124881744384766,-0.01598009467124939,0.9844133000000284
0.5110077857971191,0.6771422624588013,0.0,0.5019553899765015,0.6772707104682922,-0.007584223989397287,0.49645182490348816,0.6848641633987427,-0.01508142240345478,0.4951675236225128,0.7005096673965454,-0.021647941321134567,0.4972448945045471,0.7129198908805847,-0.02823939546942711,0.501083254814148,0.6697154641151428,-0.02353021502494812,0.49817004799842834,0.6848846077919006,-0.03232504427433014,0.49652963876724243,0.6992357969284058,-0.035221293568611145,0.4951573610305786,0.7114481329917908,-0.03639340400695801,0.5103250741958618,0.6728585958480835,-0.023481909185647964,0.5070387125015259,0.6948804259300232,-0.03203165903687477,0.504266083240509,0.7116646766662598,-0.032490190118551254,0.5018622875213623,0.7238161563873291,-0.03280124068260193,0.5187162756919861,0.6786362528800964,-0.02297544851899147,0.5171712040901184,0.7002387642860413,-0.03019562177360058,0.5146039128303528,0.7149769067764282,-0.029801465570926666,0.5121809840202332,0.7261558771133423,-0.029488645493984222,0.5263177752494812,0.6868133544921875,-0.022813210263848305,0.5275540947914124,0.6989074349403381,-0.02784331701695919,0.527974009513855,0.7064337730407715,-0.028309311717748642,0.5275884866714478,0.7137864828109741,-0.028488360345363617,1.0342392999999674
0.504429280757904,0.671461284160614,0.0,0.49764353036880493,0.6762180924415588,-0.0035377787426114082,0.4933851957321167,0.6846514344215393,-0.009019146673381329,0.490500271320343,0.6926090121269226,-0.014321201480925083,0.48766008019447327,0.6993162035942078,-0.019508764147758484,0.49891984462738037,0.6785575151443481,-0.01799408718943596,0.5013477802276611,0.6870759725570679,-0.02566753327846527,0.5014882683753967,0.6963822245597839,-0.028806721791625023,0.5005382299423218,0.7046857476234436,-0.030376115813851357,0.5073006749153137,0.6771608591079712,-0.01976116932928562,0.5128869414329529,0.6947054862976074,-0.027568219229578972,0.5135683417320251,0.7113425731658936,-0.02731417678296566,0.5127736926078796,0.7253058552742004,-0.027180863544344902,0.5145450234413147,0.6762409210205078,-0.020581534132361412,0.5206424593925476,0.6975489854812622,-0.027169521898031235,0.5215783715248108,0.7148275971412659,-0.024524319916963577,0.5209580063819885,0.7282459735870361,-0.02237669937312603,0.5204276442527771,0.6766146421432495,-0.02164655178785324,0.526830792427063,0.6937195062637329,-0.025960443541407585,0.5289704203605652,0.707550048828125,-0.024385865777730942,0.5299784541130066,0.7175254225730896,-0.022777700796723366,1.0812608999999611
0.5026159286499023,0.6660937070846558,0.0,0.4969933032989502,0.6785457134246826,-0.007526260334998369,0.4960860311985016,0.6943705081939697,-0.013499493710696697,0.49720463156700134,0.7083558440208435,-0.01749567873775959,0.49761173129081726,0.7210015058517456,-0.02132936380803585,0.5014713406562805,0.6746155023574829,-0.02061357907950878,0.5022554993629456,0.6888958215713501,-0.02730339951813221,0.5035089254379272,0.7039756774902344,-0.029866289347410202,0.5038754343986511,0.7144806981086731,-0.031142929568886757,0.5096303224563599,0.6719011664390564,-0.018727682530879974,0.5153089761734009,0.6915680766105652,-0.026387697085738182,0.5162341594696045,0.7105289697647095,-0.029861079528927803,0.5154419541358948,0.726361095905304,-0.0321936309337616,0.5163910984992981,0.672229528427124,-0.016225527971982956,0.522135317325592,0.6923775672912598,-0.023060737177729607,0.5228972434997559,0.711831271648407,-0.02706446871161461,0.5225937366485596,0.7280551195144653,-0.029582038521766663,0.5215536952018738,0.6761183738708496,-0.013660146854817867,0.5263990163803101,0.6922639608383179,-0.018403396010398865,0.5274589657783508,0.706027626991272,-0.02141573280096054,0.5276246666908264,0.7180641889572144,-0.023796096444129944,1.1259589000000005
0.5021026134490967,0.6666936874389648,0.0,0.49711549282073975,0.6780629754066467,-0.009959602728486061,0.49636444449424744,0.6938912868499756,-0.015460238792002201,0.4980347156524658,0.709587574005127,-0.01872364990413189,0.4988960921764374,0.7220642566680908,-0.021449577063322067,0.5084751844406128,0.6771891713142395,-0.016712747514247894,0.5106056928634644,0.6984803676605225,-0.021137449890375137,0.511450469493866,0.7145260572433472,-0.022738054394721985,0.5109049677848816,0.7263292074203491,-0.023482857272028923,0.5158490538597107,0.6739525198936462,-0.01287270337343216,0.5207052826881409,0.6940545439720154,-0.017042728140950203,0.522271454334259,0.7107695937156677,-0.019007990136742592,0.5224025845527649,0.7246054410934448,-0.020530054345726967,0.5204991102218628,0.6744003891944885,-0.009122922085225582,0.5252149105072021,0.6924917101860046,-0.012876567430794239,0.5263720750808716,0.7076184749603271,-0.015902003273367882,0.5265198349952698,0.7204185724258423,-0.018005909398198128,0.5231803059577942,0.6777784824371338,-0.005868157371878624,0.5280221104621887,0.690766453742981,-0.00903603620827198,0.5303950905799866,0.7015978097915649,-0.011666259728372097,0.5316777229309082,0.7118608355522156,-0.013608912006020546,1.1741521000000148
0.4993966519832611,0.6664543151855469,0.0,0.49837976694107056,0.6771405935287476,-0.0056615970097482204,0.49974972009658813,0.6912125945091248,-0.009172317571938038,0.5016596913337708,0.7067448496818542,-0.011754557490348816,0.5021374225616455,0.719184160232544,-0.013837659731507301,0.5129550695419312,0.6767217516899109,-0.009223727509379387,0.5178082585334778,0.6960335969924927,-0.012423942796885967,0.5188902020454407,0.7098158001899719,-0.01389290764927864,0.5190965533256531,0.7198139429092407,-0.014673261903226376,0.5166537165641785,0.6750180125236511,-0.00785056222230196,0.5217013359069824,0.6938599944114685,-0.011135709472000599,0.523828387260437,0.7089559435844421,-0.012727887369692326,0.5245044827461243,0.7210596203804016,-0.013914800249040127,0.5183495283126831,0.6761788129806519,-0.006622812710702419,0.5223586559295654,0.6944217085838318,-0.00974250491708517,0.5231601595878601,0.7097212076187134,-0.011501901783049107,0.5230058431625366,0.7225449681282043,-0.012651443481445312,0.5188243985176086,0.6794471740722656,-0.005768448114395142,0.5236095786094666,0.6918318271636963,-0.00821262039244175,0.5253306031227112,0.7017248272895813,-0.009505747817456722,0.525750994682312,0.7112765908241272,-0.010379803366959095,1.2202071000000387
0.5000854134559631,0.6697160601615906,0.0,0.4974606931209564,0.6780133247375488,-0.009402947500348091,0.49788299202919006,0.6909278631210327,-0.013782070018351078,0.49903491139411926,0.7050698399543762,-0.01624906249344349,0.4994908273220062,0.7171172499656677,-0.01816689409315586,0.5131187438964844,0.6783031821250916,-0.011822203174233437,0.5179334878921509,0.6962975859642029,-0.014932944439351559,0.5190950632095337,0.7108691930770874,-0.016590096056461334,0.5192506909370422,0.7221798300743103,-0.017437754198908806,0.5164678692817688,0.67690110206604,-0.007937656715512276,0.5219507217407227,0.693950355052948,-0.01071879081428051,0.5238110423088074,0.7081074714660645,-0.012515410780906677,0.5244234204292297,0.7193217873573303,-0.013881304301321507,0.5178295969963074,0.6779929995536804,-0.004459640476852655,0.5221021175384521,0.6941725015640259,-0.006998938042670488,0.5225281715393066,0.7067147493362427,-0.009305405430495739,0.5222864151000977,0.7169461846351624,-0.010874900035560131,0.5181598663330078,0.6801197528839111,-0.0016243152786046267,0.5228697061538696,0.6906496286392212,-0.0038451766595244408,0.5245481133460999,0.69951993227005,-0.005754008889198303,0.5250596404075623,0.7077043056488037,-0.007064066361635923,1.2694449000000532
0.6336326599121094,0.3296798765659332,0.0,0.6473633646965027,0.3482568562030792,-0.004379149526357651,0.6606945395469666,0.36087656021118164,-0.003286409191787243,0.6679243445396423,0.37708836793899536,-0.0014656474813818932,0.6710388660430908,0.3924386203289032,0.0015032809460535645,0.6751699447631836,0.3294174373149872,0.00303752813488245,0.6919859051704407,0.3364335894584656,0.004113723989576101,0.6925325393676758,0.35330620408058167,0.005625892896205187,0.688268780708313,0.3648146986961365,0.007259581238031387,0.6722474694252014,0.3268376290798187,0.0061893281526863575,0.6892535090446472,0.3349967896938324,0.008243192918598652,0.6897318959236145,0.351439893245697,0.009463462047278881,0.6856670379638672,0.36191245913505554,0.010721493512392044,0.6683467030525208,0.3284442722797394,0.00841089989989996,0.679634690284729,0.34500929713249207,0.009713880717754364,0.6788135766983032,0.3595491349697113,0.008756955154240131,0.6762917041778564,0.3675561249256134,0.008772137574851513,0.6636229753494263,0.33439457416534424,0.009999061934649944,0.6713471412658691,0.3505859673023224,0.01042485237121582,0.6719766855239868,0.36345160007476807,0.00960717536509037,0.6708559989929199,0.37193188071250916,0.009960091672837734,1.5482514000000265
0.6330080032348633,0.3387063443660736,0.0,0.6486198902130127,0.354999840259552,0.00010453444701852277,0.6624506711959839,0.3612942397594452,0.0022246672306209803,0.6733857989311218,0.3687366843223572,0.004438051488250494,0.6796624064445496,0.37768909335136414,0.0079593351110816,0.6721330881118774,0.3234105110168457,0.0050323735922575,0.6872564554214478,0.33457615971565247,0.008404466323554516,0.6821718215942383,0.3470572829246521,0.011536997742950916,0.6753689646720886,0.35238322615623474,0.013887465931475163,0.6708909273147583,0.3185071647167206,0.005959227215498686,0.6824328899383545,0.3353782892227173,0.010762997902929783,0.6769944429397583,0.3489294946193695,0.013187658973038197,0.6709342002868652,0.35288721323013306,0.0145048713311553,0.6689406633377075,0.31894856691360474,0.00673600472509861,0.680489718914032,0.33307167887687683,0.010921056382358074,0.6772124171257019,0.3449545204639435,0.012305901385843754,0.6725054979324341,0.349128395318985,0.012598010711371899,0.6669875383377075,0.3223676383495331,0.007317733485251665,0.6783718466758728,0.3296540379524231,0.010244629345834255,0.6777093410491943,0.33905214071273804,0.011892625130712986,0.6745293140411377,0.34423545002937317,0.013188551180064678,1.597662000000014
0.6330839991569519,0.33978092670440674,0.0,0.6510623693466187,0.3555246889591217,0.0021115292329341173,0.6658944487571716,0.3542596101760864,0.005160120315849781,0.6770479679107666,0.3517451882362366,0.008787686005234718,0.6819741129875183,0.3515479862689972,0.013632366433739662,0.670680820941925,0.31516963243484497,0.0019448965322226286,0.6821794509887695,0.3299548029899597,0.006540962029248476,0.6760411858558655,0.33921459317207336,0.010633550584316254,0.6701015830039978,0.3382830023765564,0.012980829924345016,0.6684184074401855,0.30685925483703613,0.002358454279601574,0.6782962083816528,0.3263486623764038,0.00783096719533205,0.6725739240646362,0.3370223343372345,0.011174526996910572,0.6661224365234375,0.33712390065193176,0.012135615572333336,0.6661779880523682,0.3060934543609619,0.003373037790879607,0.675495445728302,0.32382598519325256,0.008176377043128014,0.670798659324646,0.3332732915878296,0.009407908655703068,0.665583074092865,0.33176055550575256,0.008772473782300949,0.664635181427002,0.3094971179962158,0.004685296677052975,0.6733220815658569,0.3217514753341675,0.0076259952038526535,0.6700459718704224,0.32729828357696533,0.008511028252542019,0.6657987236976624,0.3251034617424011,0.00858539529144764,1.6463124000000562
0.6347077488899231,0.33757492899894714,0.0,0.6507368683815002,0.35363122820854187,0.0013594944030046463,0.6651036739349365,0.3529989719390869,0.004332235548645258,0.6757440567016602,0.35101670026779175,0.008020114153623581,0.6810868382453918,0.3525139093399048,0.012784099206328392,0.6693093180656433,0.3160378038883209,0.0026468660216778517,0.6808254718780518,0.3280622661113739,0.00734477024525404,0.6767877340316772,0.33878785371780396,0.011464840732514858,0.6709089875221252,0.34049221873283386,0.014081677421927452,0.6675890684127808,0.3062970042228699,0.0036398982629179955,0.6781315803527832,0.3216618299484253,0.009368091821670532,0.6748025417327881,0.332987517118454,0.013046985492110252,0.6692221760749817,0.3355330526828766,0.014551487751305103,0.6656323075294495,0.3034982681274414,0.005052895750850439,0.6750123500823975,0.31822091341018677,0.01009181048721075,0.6725112199783325,0.328048437833786,0.011608891189098358,0.6679837107658386,0.32884809374809265,0.011579371057450771,0.6637927889823914,0.30485665798187256,0.00657160859555006,0.6720539331436157,0.3160907030105591,0.009642303921282291,0.6703402996063232,0.32299089431762695,0.010557113215327263,0.6666738986968994,0.32367730140686035,0.011020863428711891,1.6932858000000124
0.637069046497345,0.3331332504749298,0.0,0.6521517634391785,0.34721314907073975,-0.0017023349646478891,0.66621994972229,0.34566396474838257,-0.000247158866841346,0.6770712733268738,0.3431747853755951,0.002519882284104824,0.6832147240638733,0.34490394592285156,0.0063489703461527824,0.668712854385376,0.30698490142822266,-0.0013766450574621558,0.681230366230011,0.3217714726924896,0.002036536578088999,0.6763736009597778,0.33169662952423096,0.0055089471861720085,0.6705366969108582,0.33123332262039185,0.007758015301078558,0.6668680906295776,0.2977154850959778,0.0009189111297018826,0.6780189871788025,0.3149757981300354,0.005468444433063269,0.674489438533783,0.32596856355667114,0.008886812254786491,0.6692513823509216,0.3271124064922333,0.010270333848893642,0.6650866866111755,0.2960335910320282,0.003436849219724536,0.6747806072235107,0.3116966485977173,0.007550562731921673,0.6724211573600769,0.3216429054737091,0.009024379774928093,0.6680885553359985,0.32158511877059937,0.008992022834718227,0.6634535193443298,0.29817917943000793,0.005816396791487932,0.6718979477882385,0.30922389030456543,0.008076988160610199,0.6705077290534973,0.315729558467865,0.008715938776731491,0.6672694087028503,0.31537768244743347,0.009038941003382206,1.7442395000000488
0.6386179327964783,0.3285457491874695,0.0,0.6521725654602051,0.3426469564437866,-0.003637670772150159,0.6660677194595337,0.341108113527298,-0.0032205863390117884,0.6771221160888672,0.34028321504592896,-0.0011717629386112094,0.6840775012969971,0.34368467330932617,0.0019267774187028408,0.6678464412689209,0.3017849624156952,-0.0035871590953320265,0.6814163327217102,0.31516143679618835,-0.00123831897508353,0.6775979399681091,0.326402485370636,0.001617191475816071,0.671808123588562,0.32748356461524963,0.0035513918846845627,0.666110634803772,0.29284894466400146,-0.00047157646622508764,0.6775928735733032,0.3110426366329193,0.002932125935330987,0.6743864417076111,0.3225577473640442,0.005793798249214888,0.6688684821128845,0.3240039646625519,0.00696505606174469,0.6646420359611511,0.2914626896381378,0.002730940468609333,0.6746978759765625,0.3092808723449707,0.005779238883405924,0.6724019050598145,0.3198836147785187,0.006662065628916025,0.6680972576141357,0.31961652636528015,0.006449256092309952,0.6635792255401611,0.2935088872909546,0.0056785657070577145,0.6720197200775146,0.307069331407547,0.0072364830411970615,0.6704660058021545,0.31483253836631775,0.007360395044088364,0.6672101020812988,0.31457778811454773,0.0074341557919979095,1.7912377999999762
0.6399227380752563,0.3217369616031647,0.0,0.6526461839675903,0.33732762932777405,-0.006753589026629925,0.665791392326355,0.33744513988494873,-0.0065818168222904205,0.6766123175621033,0.33945944905281067,-0.0036584963090717793,0.6829982995986938,0.3467649519443512,0.0003662307281047106,0.6682300567626953,0.2974669635295868,-0.0068637956865131855,0.6826708912849426,0.310118705034256,-0.0034328652545809746,0.6787249445915222,0.3225250244140625,7.791534153511748e-05,0.6722288131713867,0.3242936432361603,0.0022898802999407053,0.6659669280052185,0.2892942428588867,-0.0009837333345785737,0.678898274898529,0.30419811606407166,0.0033470410853624344,0.6754891872406006,0.31691867113113403,0.006250299979001284,0.6696271300315857,0.3192020654678345,0.007332039996981621,0.664387047290802,0.2881189286708832,0.005070600192993879,0.6757066249847412,0.3027348518371582,0.009013133123517036,0.6734641790390015,0.31444138288497925,0.009175610728561878,0.6688294410705566,0.31520479917526245,0.00829167477786541,0.6630536317825317,0.2903071641921997,0.010826626792550087,0.6729657053947449,0.3026040494441986,0.01284932903945446,0.6718012690544128,0.31099388003349304,0.012407626956701279,0.6681143045425415,0.3112829625606537,0.011984651908278465,1.8363137000000052
0.6434919834136963,0.30754631757736206,0.0,0.651550829410553,0.3248007595539093,0.0011300698388367891,0.6629570722579956,0.33506110310554504,0.0014360736822709441,0.6701987981796265,0.346675306558609,0.0008724769577383995,0.673592209815979,0.35961082577705383,0.0008276560110971332,0.6710689067840576,0.3033267855644226,0.006850131321698427,0.6811443567276001,0.29785218834877014,0.0063746278174221516,0.6873440742492676,0.3024780750274658,0.005462823435664177,0.6902974247932434,0.3083564341068268,0.005268466658890247,0.6712639331817627,0.2976419925689697,0.005160308908671141,0.6824477910995483,0.29480382800102234,0.005940629169344902,0.6888867020606995,0.3006843030452728,0.005656458903104067,0.692909836769104,0.30668848752975464,0.005508264061063528,0.670625627040863,0.29506954550743103,0.0027711770962923765,0.6811507940292358,0.2934051752090454,0.0032948695588856936,0.6880439519882202,0.2978604733943939,0.003332582302391529,0.6926388740539551,0.30291855335235596,0.003342786803841591,0.6693400144577026,0.2956051230430603,2.461098847561516e-05,0.6784129738807678,0.29422274231910706,0.0002929242036771029,0.6844473481178284,0.29582107067108154,0.0006649026181548834,0.6887161135673523,0.29879578948020935,0.001031960011459887,1.9252913000000262
0.646834135055542,0.3062620162963867,0.0,0.6535082459449768,0.32018908858299255,-0.0012631153222173452,0.6637355089187622,0.33010929822921753,-0.0019912198185920715,0.6712319254875183,0.34195607900619507,-0.003094668732956052,0.6759839653968811,0.35294675827026367,-0.003456140635535121,0.6730104684829712,0.29879269003868103,0.002938755787909031,0.6843050122261047,0.29686862230300903,0.001287700841203332,0.6880918741226196,0.30730941891670227,0.00018457001715432853,0.6871331930160522,0.3160037100315094,2.7637550374493003e-05,0.6735048890113831,0.29430243372917175,0.0023343865759670734,0.68569016456604,0.29665854573249817,0.0011590749491006136,0.6887720823287964,0.3076836168766022,0.00022049459221307188,0.6878839135169983,0.3153611719608307,8.7904860265553e-05,0.6731294989585876,0.2927355468273163,0.0010500032221898437,0.6842278242111206,0.29681599140167236,9.444680472370237e-05,0.6871865391731262,0.3065687119960785,-0.0002173749089706689,0.6867278814315796,0.3135567307472229,-1.118833552027354e-06,0.6716101169586182,0.2935396432876587,-0.0006758067756891251,0.6810030341148376,0.296956866979599,-0.0013879931066185236,0.6848900318145752,0.30315160751342773,-0.0014190695947036147,0.6858397126197815,0.3084111213684082,-0.0009473147219978273,1.9712057000000414
0.6491003632545471,0.3101710379123688,0.0,0.6599503755569458,0.32052046060562134,0.0027222405187785625,0.669461190700531,0.32406744360923767,0.006206956692039967,0.6776081919670105,0.32881098985671997,0.008889800868928432,0.6830321550369263,0.3348902761936188,0.01251363568007946,0.6738993525505066,0.29580485820770264,0.012466922402381897,0.6852982044219971,0.29506269097328186,0.016359779983758926,0.6811703443527222,0.3034480810165405,0.018891936168074608,0.6752681136131287,0.3077232241630554,0.020625660195946693,0.6729106307029724,0.29068127274513245,0.011961521580815315,0.6825376749038696,0.29313376545906067,0.016554484143853188,0.6771788001060486,0.3029414117336273,0.017512895166873932,0.6713353395462036,0.3044285178184509,0.018151765689253807,0.67174232006073,0.2877660393714905,0.010953457094728947,0.6807822585105896,0.2910001873970032,0.01505955308675766,0.6775217056274414,0.3001585006713867,0.01529781799763441,0.6731153726577759,0.3019469678401947,0.015008530579507351,0.6702972650527954,0.28516626358032227,0.009912034496665001,0.6785777807235718,0.28849852085113525,0.013254688121378422,0.6770637035369873,0.29539766907691956,0.014158484525978565,0.6739885807037354,0.2976246178150177,0.01477891206741333,2.0202066000000514
0.6470717787742615,0.3071059584617615,0.0,0.6590585708618164,0.31885090470314026,-0.0023711975663900375,0.6701014637947083,0.31953370571136475,-0.00033217616146430373,0.6790993213653564,0.3187594413757324,0.003041580319404602,0.6845281720161438,0.3205620348453522,0.007467609830200672,0.6713120937347412,0.2872697114944458,0.0016413701232522726,0.6820477247238159,0.2950839400291443,0.005441875662654638,0.6774411201477051,0.30455532670021057,0.008781353011727333,0.6728128790855408,0.3051818311214447,0.010870657861232758,0.6697409152984619,0.27951061725616455,0.004681358113884926,0.6803004145622253,0.29080265760421753,0.00910122413188219,0.6757294535636902,0.3013406991958618,0.011497936211526394,0.6708417534828186,0.3007870316505432,0.012620830908417702,0.6685877442359924,0.27661043405532837,0.007657607086002827,0.6782828569412231,0.2874968349933624,0.011566792614758015,0.6747391223907471,0.29748186469078064,0.012100490741431713,0.6706751585006714,0.2963499426841736,0.011754531413316727,0.667290210723877,0.2758127748966217,0.01049880962818861,0.6756190061569214,0.2843206226825714,0.013018028810620308,0.6732138395309448,0.29113566875457764,0.013275870122015476,0.6694192290306091,0.2898193597793579,0.01341890450567007,2.0664544999999634
0.6447291374206543,0.3087339997291565,0.0,0.6546215415000916,0.3253777027130127,-0.007885348983108997,0.6663757562637329,0.3266305923461914,-0.008595726452767849,0.6757896542549133,0.3265925943851471,-0.006513024214655161,0.682148277759552,0.3286590576171875,-0.003357585519552231,0.6680330634117126,0.28757697343826294,-0.007818685844540596,0.6803173422813416,0.3006528615951538,-0.005633527413010597,0.676784098148346,0.31199130415916443,-0.0028543840162456036,0.6714282631874084,0.3134683072566986,-0.0009712951723486185,0.6662600040435791,0.27930498123168945,-0.0017617937410250306,0.6776396632194519,0.29464009404182434,0.0012473290553316474,0.6743490099906921,0.30607011914253235,0.0035871423315256834,0.6692780256271362,0.30689990520477295,0.004593747667968273,0.665136456489563,0.27739372849464417,0.004291009157896042,0.6749685406684875,0.29326575994491577,0.007131044287234545,0.6728104948997498,0.30377936363220215,0.007020751480013132,0.6692155003547668,0.30346933007240295,0.006244564428925514,0.6639571785926819,0.2779344916343689,0.009930661879479885,0.6722726821899414,0.29057276248931885,0.01131610106676817,0.6709169745445251,0.29798951745033264,0.010580061934888363,0.6679248213768005,0.29729002714157104,0.010039838030934334,2.1084489999999505
0.6432123184204102,0.310797780752182,0.0,0.652919352054596,0.32836493849754333,-0.009967257268726826,0.6648538708686829,0.3302152454853058,-0.011631312780082226,0.6743558049201965,0.3301006555557251,-0.009792088530957699,0.6804319024085999,0.33181679248809814,-0.006798931863158941,0.6667336821556091,0.2917681932449341,-0.011561563238501549,0.6791038513183594,0.30583471059799194,-0.00953881535679102,0.6754418015480042,0.3164326250553131,-0.00667142029851675,0.6698533296585083,0.31665942072868347,-0.004727811086922884,0.6652654409408569,0.28357604146003723,-0.004157977644354105,0.6768535375595093,0.2987572252750397,-0.001060520182363689,0.6738758683204651,0.3093571662902832,0.001445806585252285,0.6692941784858704,0.30909115076065063,0.002369576832279563,0.6643943786621094,0.28144708275794983,0.003297005547210574,0.6744639277458191,0.2968311607837677,0.006443873513489962,0.6726281642913818,0.3067741394042969,0.0062141334637999535,0.6690891981124878,0.3057408928871155,0.005107383709400892,0.6632234454154968,0.2816879153251648,0.010262981988489628,0.6718266010284424,0.2942545711994171,0.011851678602397442,0.6708064675331116,0.3015430271625519,0.010872943326830864,0.6680538058280945,0.3005255460739136,0.009957212954759598,2.1572020999999495
0.6429213285446167,0.31389087438583374,0.0,0.6525887250900269,0.33136799931526184,-0.009019355289638042,0.664555013179779,0.3335634469985962,-0.010470437817275524,0.6743794679641724,0.33440348505973816,-0.008835136890411377,0.6806119084358215,0.3377174139022827,-0.006061270367354155,0.6668063402175903,0.29531145095825195,-0.009754656814038754,0.6789318919181824,0.31057482957839966,-0.008123614825308323,0.6747947335243225,0.3204045295715332,-0.005561728961765766,0.6691783666610718,0.3195060193538666,-0.0038088145665824413,0.6655774116516113,0.28738999366760254,-0.0032168696634471416,0.676914393901825,0.30361315608024597,-0.00079670938430354,0.6734119653701782,0.31418344378471375,0.0014783855294808745,0.6691668033599854,0.313129723072052,0.00244482746347785,0.6647116541862488,0.2854846715927124,0.0032747939694672823,0.6745982766151428,0.30149173736572266,0.0055936528369784355,0.6721503138542175,0.31161579489707947,0.005511926487088203,0.6687154769897461,0.3100493848323822,0.0047692907974123955,0.6635159254074097,0.28613919019699097,0.009308070875704288,0.6719731688499451,0.2993125021457672,0.010427262634038925,0.6705772876739502,0.30698299407958984,0.00963660143315792,0.6678004860877991,0.30580753087997437,0.00902524497359991,2.1989913999999544
0.6433120369911194,0.316144734621048,0.0,0.6524367928504944,0.33448201417922974,-0.0084572434425354,0.6641038656234741,0.3372952342033386,-0.009535131976008415,0.6738930940628052,0.3394855558872223,-0.007616776041686535,0.6803184151649475,0.344954252243042,-0.00456859078258276,0.666812539100647,0.2989577651023865,-0.00857507809996605,0.6790370941162109,0.3128531873226166,-0.006383700296282768,0.6749327778816223,0.32266443967819214,-0.003557492746040225,0.6693698763847351,0.32250165939331055,-0.0016902420902624726,0.6654598712921143,0.2904041111469269,-0.0021378141827881336,0.6768803000450134,0.30563509464263916,0.0007507901755161583,0.6730296015739441,0.31705114245414734,0.003064844524487853,0.668634831905365,0.3167877495288849,0.004078342113643885,0.6645276546478271,0.2880111634731293,0.0043061296455562115,0.6745522618293762,0.30338048934936523,0.007192718330770731,0.6720935702323914,0.3141191005706787,0.007189643103629351,0.6687119007110596,0.3131564259529114,0.006429228466004133,0.663276731967926,0.288335382938385,0.010330806486308575,0.6717855930328369,0.3010503351688385,0.012024580501019955,0.6703987121582031,0.3087848126888275,0.011389930732548237,0.667643129825592,0.30775779485702515,0.010826840996742249,2.2527935000000525
0.6462473273277283,0.3156530559062958,0.0,0.6501445770263672,0.3321673274040222,-0.006154736503958702,0.658965528011322,0.3442174196243286,-0.008707053028047085,0.6661953926086426,0.356052428483963,-0.010074954479932785,0.6713190674781799,0.3666897416114807,-0.010847982950508595,0.6668946743011475,0.31251683831214905,-0.006572950165718794,0.6777592897415161,0.3135201632976532,-0.00911468081176281,0.6816597580909729,0.3248158395290375,-0.009923525154590607,0.6813672780990601,0.33474060893058777,-0.009767276234924793,0.6679949164390564,0.3062194585800171,-0.003949384670704603,0.6805108785629272,0.31032249331474304,-0.006003734190016985,0.6838371157646179,0.322501003742218,-0.006575560197234154,0.6831372976303101,0.33154916763305664,-0.006428891327232122,0.6683163046836853,0.3040563762187958,-0.0017704179044812918,0.6797524094581604,0.3094911277294159,-0.0036624500062316656,0.6825512051582336,0.3209850788116455,-0.004450758453458548,0.6826947927474976,0.32915762066841125,-0.004501716233789921,0.6677365303039551,0.3049393892288208,-0.00012232169683557004,0.6772291660308838,0.31074732542037964,-0.0019377876305952668,0.6807196736335754,0.31882864236831665,-0.002765282755717635,0.6817103624343872,0.3250211179256439,-0.002727231942117214,2.3459751000000324
0.49441683292388916,0.6703557968139648,0.0,0.4870706796646118,0.676671028137207,-0.007317456416785717,0.48155322670936584,0.6820275187492371,-0.014767386950552464,0.4776296317577362,0.6898789405822754,-0.021466627717018127,0.4750060439109802,0.6988271474838257,-0.028574075549840927,0.4869963824748993,0.6747957468032837,-0.022894782945513725,0.4865392744541168,0.6849024891853333,-0.030349398031830788,0.4888644516468048,0.6968181133270264,-0.03390292450785637,0.4917345941066742,0.7064709067344666,-0.03618151322007179,0.49720779061317444,0.6696766018867493,-0.02300613559782505,0.49842479825019836,0.6803574562072754,-0.030050210654735565,0.5026493668556213,0.6962224841117859,-0.032561078667640686,0.5052823424339294,0.7097408175468445,-0.03500282019376755,0.505817711353302,0.66788250207901,-0.022274253889918327,0.5091333985328674,0.679203987121582,-0.02744496800005436,0.5128868222236633,0.6953471302986145,-0.028802046552300453,0.5161775946617126,0.7097744345664978,-0.030740931630134583,0.5132107138633728,0.6688569188117981,-0.021934594959020615,0.5177283883094788,0.6803807616233826,-0.025668665766716003,0.5205428600311279,0.690388023853302,-0.026641016826033592,0.5229286551475525,0.700283408164978,-0.02803499810397625,3.1302259000000277
0.473527193069458,0.6467220187187195,0.0,0.46892669796943665,0.6568021178245544,-0.00924791768193245,0.46817460656166077,0.6673792600631714,-0.017226725816726685,0.4692745804786682,0.674461841583252,-0.023020192980766296,0.4683453440666199,0.6809446811676025,-0.028713226318359375,0.4723151922225952,0.6598076820373535,-0.025868859142065048,0.47722744941711426,0.6749637126922607,-0.03391809016466141,0.4799901247024536,0.6869188547134399,-0.037655025720596313,0.4819025695323944,0.6962965130805969,-0.03995611146092415,0.4799824655056,0.6520430445671082,-0.023641938343644142,0.4895459711551666,0.6686617136001587,-0.03247600421309471,0.4959476590156555,0.6873177886009216,-0.037009015679359436,0.5002365708351135,0.7025076150894165,-0.04048871621489525,0.48628973960876465,0.6477212905883789,-0.020662082359194756,0.4956555664539337,0.6648712754249573,-0.0280928872525692,0.5014950633049011,0.683116614818573,-0.03305757790803909,0.5057091116905212,0.6972932815551758,-0.03653590753674507,0.49170181155204773,0.6472834348678589,-0.017664039507508278,0.49897101521492004,0.6599880456924438,-0.02300025150179863,0.5031759738922119,0.6726177334785461,-0.026736875995993614,0.5062786340713501,0.6830708384513855,-0.029811667278409004,5.574812599999973
0.47665923833847046,0.6563786268234253,0.0,0.4925318658351898,0.6541851758956909,0.0008296166779473424,0.5047573447227478,0.6633901000022888,0.0006238858914002776,0.512045681476593,0.6785029768943787,-0.0001918371708597988,0.5176714658737183,0.6903572082519531,-0.0010783799225464463,0.5016564726829529,0.662758469581604,-0.0010240962728857994,0.5053532719612122,0.6772111654281616,-0.0019446451915428042,0.5067269802093506,0.6874686479568481,-0.001455881167203188,0.5085435509681702,0.6954776644706726,-0.0008722905768081546,0.4948204457759857,0.6692529916763306,-0.0028812920209020376,0.49854904413223267,0.6828651428222656,-0.003246861509978771,0.5007386207580566,0.6918261051177979,-0.0020822177175432444,0.5026658177375793,0.6970134973526001,-0.001423268229700625,0.4874916672706604,0.6750088334083557,-0.004663421306759119,0.49090415239334106,0.6869632601737976,-0.005286628380417824,0.49443361163139343,0.6961824297904968,-0.0040479134768247604,0.49785614013671875,0.7023906707763672,-0.003581071039661765,0.48057040572166443,0.6803178191184998,-0.006501032505184412,0.4824901223182678,0.6931816339492798,-0.007147777825593948,0.4842334985733032,0.702630877494812,-0.006140369456261396,0.48583871126174927,0.7095575332641602,-0.005321829114109278,5.851553299999978
0.47465500235557556,0.6527005434036255,0.0,0.4739169180393219,0.6653648614883423,-0.006190337706357241,0.4783558249473572,0.6808660626411438,-0.0105547234416008,0.4824983477592468,0.69570392370224,-0.013678754679858685,0.4845925271511078,0.7091911435127258,-0.01657840423285961,0.4837588369846344,0.6678745150566101,-0.013912512920796871,0.4925626814365387,0.684374988079071,-0.018574226647615433,0.49813738465309143,0.6977455615997314,-0.02051784098148346,0.5020741820335388,0.7088993787765503,-0.02157951518893242,0.48863959312438965,0.6586031317710876,-0.012620719149708748,0.5000888109207153,0.6689149737358093,-0.017283981665968895,0.5070096850395203,0.6821179986000061,-0.0192398801445961,0.5117114186286926,0.6949417591094971,-0.020665762946009636,0.4917168915271759,0.6528171896934509,-0.011206873692572117,0.5018644332885742,0.6664748787879944,-0.015256715007126331,0.5066666007041931,0.6809878349304199,-0.017537573352456093,0.5099267959594727,0.6931957006454468,-0.019151996821165085,0.49341151118278503,0.6509568691253662,-0.010028121992945671,0.5007413029670715,0.6636704206466675,-0.01323836948722601,0.5043441653251648,0.6743733882904053,-0.014961089007556438,0.5065835118293762,0.6836069226264954,-0.016242999583482742,6.422554200000036
0.47580257058143616,0.6533363461494446,0.0,0.474251925945282,0.6667932271957397,-0.007993359118700027,0.4784087538719177,0.6829137802124023,-0.013633283786475658,0.48258519172668457,0.6977778673171997,-0.017451869323849678,0.48497143387794495,0.7111878991127014,-0.021078813821077347,0.48068368434906006,0.6667070388793945,-0.01901758648455143,0.488057017326355,0.6849974989891052,-0.02469121292233467,0.49362993240356445,0.6993687152862549,-0.026772601529955864,0.4975649118423462,0.7108983397483826,-0.027851831167936325,0.4868718981742859,0.6571098566055298,-0.016853991895914078,0.49884864687919617,0.6710755825042725,-0.022633621469140053,0.5054560899734497,0.6871347427368164,-0.02506260573863983,0.5098108649253845,0.7019245028495789,-0.02684423327445984,0.49159690737724304,0.651372492313385,-0.014352614060044289,0.5021131038665771,0.6685535311698914,-0.019524820148944855,0.5069959163665771,0.6852973103523254,-0.02274070493876934,0.510429322719574,0.6989249587059021,-0.024915166199207306,0.4949091970920563,0.6499486565589905,-0.011987864971160889,0.5023674368858337,0.6651403903961182,-0.015781370922923088,0.50564044713974,0.6774302124977112,-0.018083998933434486,0.5072866678237915,0.6873214840888977,-0.01988068036735058,6.466049999999996
0.4754068851470947,0.6542872786521912,0.0,0.47477930784225464,0.6676799654960632,-0.006475523579865694,0.47944819927215576,0.6833098530769348,-0.011197466403245926,0.48367366194725037,0.6983944773674011,-0.01457702461630106,0.48588231205940247,0.7118328809738159,-0.01781628094613552,0.48214519023895264,0.6683402061462402,-0.015815535560250282,0.48982009291648865,0.6867828965187073,-0.021062813699245453,0.4953383505344391,0.7012929916381836,-0.023012636229395866,0.49935391545295715,0.713190495967865,-0.024021396413445473,0.4878329336643219,0.6583606004714966,-0.014609839767217636,0.4999798536300659,0.6705716252326965,-0.019972635433077812,0.5067005157470703,0.6856764554977417,-0.022067047655582428,0.5111323595046997,0.7003235816955566,-0.023567909374833107,0.4919210970401764,0.6519094109535217,-0.01318235695362091,0.5030704736709595,0.6674912571907043,-0.017917050048708916,0.5082367062568665,0.6835344433784485,-0.020518505945801735,0.511777400970459,0.6972779631614685,-0.022310253232717514,0.49458611011505127,0.649806022644043,-0.011905238032341003,0.5027388334274292,0.6642836928367615,-0.01549449097365141,0.506638765335083,0.6761406660079956,-0.017433689907193184,0.508903980255127,0.6862550377845764,-0.01892707124352455,6.5193660999999565
0.48120471835136414,0.6527733206748962,0.0,0.4784359931945801,0.6632328629493713,-0.010100116021931171,0.48064497113227844,0.6778119802474976,-0.01766304112970829,0.4844507575035095,0.6938250660896301,-0.02316451072692871,0.4880591928958893,0.7079826593399048,-0.028751414269208908,0.48179560899734497,0.6638972759246826,-0.025579804554581642,0.4850643575191498,0.6796247959136963,-0.034486882388591766,0.48649686574935913,0.6921319961547852,-0.03836061805486679,0.48754552006721497,0.701953649520874,-0.04057614877820015,0.4901014566421509,0.6574274301528931,-0.023600971326231956,0.4970547556877136,0.6736586689949036,-0.03324116766452789,0.5021118521690369,0.6912161707878113,-0.037839606404304504,0.5059114694595337,0.7056607007980347,-0.04121236503124237,0.49701809883117676,0.6538881659507751,-0.021275369450449944,0.5052244067192078,0.670017421245575,-0.02966139279305935,0.5111220479011536,0.6867740750312805,-0.03478636592626572,0.5160070061683655,0.7001786828041077,-0.03847458213567734,0.502740204334259,0.6541337966918945,-0.01913565956056118,0.5096552968025208,0.6667010188102722,-0.02559543028473854,0.5143468379974365,0.6785398721694946,-0.02976870723068714,0.5183556079864502,0.6889173984527588,-0.033121153712272644,11.31166010000004
0.4841609597206116,0.6533486247062683,0.0,0.4828895032405853,0.6639586687088013,-0.008371335454285145,0.48569557070732117,0.6786482930183411,-0.013218163512647152,0.4886750280857086,0.693482518196106,-0.016306409612298012,0.4906066656112671,0.7072718143463135,-0.018926259130239487,0.4982444643974304,0.661973237991333,-0.013679307885468006,0.5037491321563721,0.6804079413414001,-0.01758187636733055,0.5071166157722473,0.6947014927864075,-0.019559189677238464,0.5092681646347046,0.7059809565544128,-0.020652849227190018,0.5021498203277588,0.6575567722320557,-0.010704826563596725,0.5096868276596069,0.6724522709846497,-0.014313546940684319,0.5142729878425598,0.6852632164955139,-0.016512703150510788,0.5177685022354126,0.6959455609321594,-0.018254471942782402,0.5038326978683472,0.6568508744239807,-0.00783003680408001,0.5111767649650574,0.6708242297172546,-0.011176113970577717,0.5150758624076843,0.6821661591529846,-0.014125200919806957,0.5181525945663452,0.6916531920433044,-0.016236066818237305,0.5042468309402466,0.6587971448898315,-0.005348813254386187,0.5100000500679016,0.6697030663490295,-0.00804871879518032,0.5129804015159607,0.6782734394073486,-0.010187998414039612,0.5151479840278625,0.6861550807952881,-0.011832012794911861,11.498940700000048
0.4811446964740753,0.6541584730148315,0.0,0.4804963767528534,0.6665552258491516,-0.00661160284653306,0.4847472012042999,0.6816557049751282,-0.010442537255585194,0.4881089925765991,0.6955865025520325,-0.013138641603291035,0.48963016271591187,0.7084875106811523,-0.015542307868599892,0.49618276953697205,0.6679081320762634,-0.010132571682333946,0.5019140839576721,0.683586597442627,-0.01412832923233509,0.5058491826057434,0.6965502500534058,-0.016392100602388382,0.5082136392593384,0.7073545455932617,-0.017651963979005814,0.49994462728500366,0.6609488725662231,-0.00843160692602396,0.5074884295463562,0.6718973517417908,-0.012058038264513016,0.51267009973526,0.6837491989135742,-0.014314805157482624,0.5162615180015564,0.6949731111526489,-0.01601126790046692,0.5012277364730835,0.6570685505867004,-0.007031713146716356,0.5077669024467468,0.6701325178146362,-0.010390709154307842,0.5112472176551819,0.6810993552207947,-0.013025477528572083,0.5138624906539917,0.6905879378318787,-0.014834575355052948,0.5007419586181641,0.6561700105667114,-0.006060462910681963,0.5056269764900208,0.6682637333869934,-0.008864807896316051,0.5080804824829102,0.6766684651374817,-0.010783801786601543,0.5099321007728577,0.6840630173683167,-0.012143627740442753,11.866670900000031
0.4806164801120758,0.6556167602539062,0.0,0.47930973768234253,0.6651119589805603,-0.007456733379513025,0.48067787289619446,0.6770655512809753,-0.013383574783802032,0.48290371894836426,0.6909844875335693,-0.01799994334578514,0.48496776819229126,0.7038451433181763,-0.022626902908086777,0.4839561879634857,0.6693906784057617,-0.020040005445480347,0.48788514733314514,0.6857234835624695,-0.027450954541563988,0.4886755645275116,0.6978607177734375,-0.030433163046836853,0.4890575706958771,0.707224428653717,-0.032007813453674316,0.49176788330078125,0.6634397506713867,-0.019310083240270615,0.5003014206886292,0.6812763214111328,-0.02700173109769821,0.5054599046707153,0.6985588073730469,-0.030576298013329506,0.5094600915908813,0.7127212882041931,-0.03336595743894577,0.498054563999176,0.659623920917511,-0.018316172063350677,0.507411539554596,0.6768963932991028,-0.025002846494317055,0.5122643113136292,0.6934732794761658,-0.028834786266088486,0.5163276195526123,0.7071121335029602,-0.031740471720695496,0.5032809376716614,0.6583959460258484,-0.017475588247179985,0.5108121633529663,0.6705896258354187,-0.0222992654889822,0.5144222974777222,0.6815722584724426,-0.025127673521637917,0.5171007513999939,0.6917685866355896,-0.027591561898589134,13.260549400000059
0.48325034976005554,0.6545776724815369,0.0,0.48001283407211304,0.664966881275177,-0.009227685630321503,0.48184752464294434,0.6797714233398438,-0.016553770750761032,0.485147625207901,0.6942343711853027,-0.02182578854262829,0.48741233348846436,0.7075092196464539,-0.02702254243195057,0.48419323563575745,0.6673360466957092,-0.02473033033311367,0.4878942370414734,0.6845879554748535,-0.03290340304374695,0.489912211894989,0.6982311010360718,-0.03618009015917778,0.4911814332008362,0.7087613940238953,-0.03804080933332443,0.4921703040599823,0.6603974103927612,-0.022882070392370224,0.5006198287010193,0.6787322759628296,-0.031645242124795914,0.5050534605979919,0.6975625157356262,-0.03556886315345764,0.5082369446754456,0.7133364677429199,-0.038477394729852676,0.49864402413368225,0.6565689444541931,-0.02054559998214245,0.5080043077468872,0.6735849976539612,-0.028112858533859253,0.5129777193069458,0.6919463872909546,-0.03273465111851692,0.5171064734458923,0.7073871493339539,-0.0360267348587513,0.5037549734115601,0.6566524505615234,-0.018277326598763466,0.5112308263778687,0.6701419353485107,-0.023949241265654564,0.5155605673789978,0.6826658844947815,-0.02766720950603485,0.5191372036933899,0.693737268447876,-0.030681941658258438,13.307022800000027
0.48679256439208984,0.6554728150367737,0.0,0.48097047209739685,0.662395715713501,-0.012207282707095146,0.4783536195755005,0.6712067127227783,-0.0219452865421772,0.4779629707336426,0.6784800887107849,-0.02912348136305809,0.4769818186759949,0.6856321096420288,-0.03625146299600601,0.4858669340610504,0.6661283373832703,-0.030458129942417145,0.48970291018486023,0.6833590865135193,-0.03993372246623039,0.4920946955680847,0.6972790360450745,-0.04436860606074333,0.4936322569847107,0.7083997130393982,-0.04704591631889343,0.49389195442199707,0.6612714529037476,-0.027421511709690094,0.5012892484664917,0.6800203323364258,-0.037282153964042664,0.5061951875686646,0.6990529894828796,-0.04194978252053261,0.5097790360450745,0.7141939997673035,-0.04549841955304146,0.5001794099807739,0.6592119932174683,-0.023842349648475647,0.5084433555603027,0.6764033436775208,-0.032236840575933456,0.5134445428848267,0.6939013004302979,-0.03752109035849571,0.5171822309494019,0.7077516913414001,-0.04125053063035011,0.5050941705703735,0.6602582931518555,-0.020488550886511803,0.5121834874153137,0.6714276671409607,-0.026660684496164322,0.5164144039154053,0.6826938986778259,-0.030789922922849655,0.5194559097290039,0.6929231882095337,-0.03415272384881973,13.360003000000006
0.4881613850593567,0.6540441513061523,0.0,0.4822252094745636,0.6611692309379578,-0.009232023730874062,0.47906896471977234,0.6707865595817566,-0.01700585149228573,0.47642722725868225,0.6769823431968689,-0.023056374862790108,0.47264716029167175,0.6825363039970398,-0.029120612889528275,0.4882371425628662,0.669252336025238,-0.02325369045138359,0.4925611615180969,0.6852929592132568,-0.03085939958691597,0.494515985250473,0.6982674598693848,-0.03460271656513214,0.49575239419937134,0.7092456221580505,-0.03693372756242752,0.496319055557251,0.6636142134666443,-0.021519949659705162,0.5046727657318115,0.6812386512756348,-0.029509974643588066,0.5091144442558289,0.6994770169258118,-0.03371351957321167,0.5121524333953857,0.71514493227005,-0.03690242022275925,0.5021745562553406,0.660209596157074,-0.01935422793030739,0.5113189816474915,0.675891637802124,-0.025995440781116486,0.5157603621482849,0.6922470927238464,-0.030679119750857353,0.5194120407104492,0.7066668272018433,-0.034082043915987015,0.5064016580581665,0.6594732999801636,-0.017380157485604286,0.5138549208641052,0.6708716750144958,-0.022196773439645767,0.5178343057632446,0.6818000078201294,-0.025658346712589264,0.5209492444992065,0.6923079490661621,-0.028580693528056145,13.401842500000043
0.48922839760780334,0.6547994613647461,0.0,0.48250922560691833,0.6618661880493164,-0.008439662866294384,0.4788946509361267,0.671455442905426,-0.015864195302128792,0.4754314124584198,0.6758344173431396,-0.021636152639985085,0.47122153639793396,0.6771338582038879,-0.02736029587686062,0.48941296339035034,0.6707848906517029,-0.022301478311419487,0.4940640926361084,0.6862822771072388,-0.029544547200202942,0.4969026744365692,0.6996399760246277,-0.03303767368197441,0.4987902343273163,0.7112283110618591,-0.03517450392246246,0.4975135028362274,0.6656491160392761,-0.020712217316031456,0.5066249370574951,0.6797217726707458,-0.02834765426814556,0.5105565190315247,0.6965405344963074,-0.0318516306579113,0.5125550627708435,0.711909294128418,-0.0343933068215847,0.5032488107681274,0.6621178388595581,-0.018613845109939575,0.5132673382759094,0.6734705567359924,-0.024685900658369064,0.5167956352233887,0.6877883076667786,-0.028088031336665154,0.5188806653022766,0.7009656429290771,-0.03050166927278042,0.5071415305137634,0.6609193086624146,-0.016754886135458946,0.5153966546058655,0.670079231262207,-0.020984167233109474,0.5189521908760071,0.6794996857643127,-0.023520823568105698,0.5211772918701172,0.689258873462677,-0.025640904903411865,13.452888799999982
0.49184030294418335,0.6532230973243713,0.0,0.48459818959236145,0.6607344746589661,-0.008652724325656891,0.480320543050766,0.6699910759925842,-0.01643713004887104,0.4759935140609741,0.6737800240516663,-0.022511938586831093,0.4710841178894043,0.6741228699684143,-0.028484776616096497,0.4910348355770111,0.6680152416229248,-0.022825339809060097,0.49521464109420776,0.6820350289344788,-0.030249549075961113,0.4980960488319397,0.6945529580116272,-0.033899273723363876,0.500201940536499,0.705522894859314,-0.03613444045186043,0.49889394640922546,0.6634534597396851,-0.021080907434225082,0.5071560144424438,0.6774554252624512,-0.028721285983920097,0.5101680159568787,0.6937613487243652,-0.03206698223948479,0.5117232203483582,0.7086944580078125,-0.03455222770571709,0.5046563744544983,0.6606996655464172,-0.018857493996620178,0.5139397978782654,0.6726807951927185,-0.024919265881180763,0.5177237391471863,0.6871097683906555,-0.02846844308078289,0.5204209685325623,0.7007269859313965,-0.031033361330628395,0.5085970759391785,0.6602702140808105,-0.016849448904395103,0.5161884427070618,0.6700872182846069,-0.020993616431951523,0.5197765827178955,0.6795801520347595,-0.023676900193095207,0.5223537087440491,0.6894442439079285,-0.025993147864937782,13.496878000000038
0.49337121844291687,0.6522798538208008,0.0,0.4865744709968567,0.6571281552314758,-0.009600741788744926,0.4818311333656311,0.6658519506454468,-0.018036218360066414,0.47787749767303467,0.670253574848175,-0.024631276726722717,0.4736119508743286,0.6712031364440918,-0.030993623659014702,0.4933356046676636,0.6656510233879089,-0.02360668033361435,0.4983018636703491,0.6789749264717102,-0.031249362975358963,0.5010535717010498,0.6913686990737915,-0.03537750244140625,0.5027750134468079,0.7030333280563354,-0.038067929446697235,0.5011969208717346,0.6637154817581177,-0.021464878693223,0.5091758370399475,0.6774973273277283,-0.0300448015332222,0.5120093822479248,0.6935470104217529,-0.03437136858701706,0.512995183467865,0.7088480591773987,-0.03749346733093262,0.5068377256393433,0.6627039313316345,-0.018816186115145683,0.5138038992881775,0.6767438054084778,-0.025204919278621674,0.5160655379295349,0.6908220052719116,-0.029171455651521683,0.5173617005348206,0.7039029002189636,-0.03203710541129112,0.5105351805686951,0.6636621952056885,-0.01648157835006714,0.5167030692100525,0.6742457151412964,-0.02067481353878975,0.5188800692558289,0.6839212775230408,-0.023541351780295372,0.5199650526046753,0.6938802003860474,-0.026013890281319618,13.550697799999966
0.49576297402381897,0.6542944312095642,0.0,0.4890156388282776,0.658937394618988,-0.009624095633625984,0.48401010036468506,0.6660247445106506,-0.017986224964261055,0.4788626730442047,0.6704708933830261,-0.024588076397776604,0.47373348474502563,0.6704683303833008,-0.031082285568118095,0.4951876699924469,0.6665449142456055,-0.023297490552067757,0.49877893924713135,0.6811020970344543,-0.03068249486386776,0.5009061098098755,0.6940604448318481,-0.03444575145840645,0.5024682879447937,0.705861508846283,-0.03688879311084747,0.5035582184791565,0.6645463705062866,-0.02137906104326248,0.5108286142349243,0.6789788007736206,-0.02892923913896084,0.5134214162826538,0.6956247687339783,-0.032574351876974106,0.5146389603614807,0.7113165855407715,-0.03545534983277321,0.5094927549362183,0.6635717749595642,-0.01911163330078125,0.5166129469871521,0.6765891313552856,-0.025047531351447105,0.5195041298866272,0.6908212900161743,-0.029133494943380356,0.5214534997940063,0.7042065858840942,-0.03224863484501839,0.5132990479469299,0.6646054983139038,-0.01717057079076767,0.5192855596542358,0.6751481294631958,-0.021300358697772026,0.5223464369773865,0.6847499012947083,-0.024417812004685402,0.5245397090911865,0.694503128528595,-0.027190718799829483,13.592684200000008
0.49476149678230286,0.6537752151489258,0.0,0.4889518916606903,0.660297691822052,-0.01208851020783186,0.4863539934158325,0.6706739068031311,-0.02143157087266445,0.486226886510849,0.6811328530311584,-0.028304610401391983,0.487361341714859,0.689864456653595,-0.035088930279016495,0.4948119521141052,0.6660300493240356,-0.02850380726158619,0.4981886148452759,0.6811673045158386,-0.03755047544836998,0.5004458427429199,0.6948757171630859,-0.04182004928588867,0.5014491081237793,0.7057285904884338,-0.044431112706661224,0.5034949779510498,0.6637009382247925,-0.025654390454292297,0.5119341611862183,0.67928147315979,-0.03530710190534592,0.5151317119598389,0.6973329782485962,-0.04018650949001312,0.5167306065559387,0.7132887840270996,-0.04387655854225159,0.5102487802505493,0.6629870533943176,-0.02242729626595974,0.5187233686447144,0.677287757396698,-0.030736161395907402,0.521936297416687,0.6943127512931824,-0.036485135555267334,0.5240232348442078,0.7093990445137024,-0.040558405220508575,0.5149422287940979,0.6646137237548828,-0.01946309581398964,0.5215478539466858,0.6757249236106873,-0.02571801282465458,0.5240854620933533,0.6875913739204407,-0.030311966314911842,0.5254684686660767,0.6993027925491333,-0.03408772870898247,13.643588300000033
0.4961805045604706,0.6602507829666138,0.0,0.4943697452545166,0.6738331317901611,-0.010540558956563473,0.49709761142730713,0.6888523101806641,-0.01858258619904518,0.5009398460388184,0.7018103003501892,-0.024019453674554825,0.5029464364051819,0.7142201066017151,-0.02935461513698101,0.4978846311569214,0.6705685257911682,-0.028200535103678703,0.5012921690940857,0.6825155019760132,-0.03769417479634285,0.5039606094360352,0.6947760581970215,-0.04179336875677109,0.505334734916687,0.7041853666305542,-0.04402032122015953,0.5053074955940247,0.6643074750900269,-0.025385066866874695,0.5132504105567932,0.6800007224082947,-0.03574999049305916,0.5175590515136719,0.6977368593215942,-0.04034990444779396,0.5203373432159424,0.712518572807312,-0.043531447649002075,0.5112944841384888,0.6613884568214417,-0.021997135132551193,0.5184435844421387,0.677945077419281,-0.030958974733948708,0.522583544254303,0.695979118347168,-0.03615643456578255,0.5259307026863098,0.710854172706604,-0.03945845365524292,0.5156651139259338,0.6618493795394897,-0.018633829429745674,0.521390974521637,0.6752076745033264,-0.025143764913082123,0.5244618058204651,0.6880297660827637,-0.029320858418941498,0.5269249081611633,0.6987753510475159,-0.03246505558490753,13.73573060000001
0.49695271253585815,0.6650081872940063,0.0,0.49598947167396545,0.6763479113578796,-0.008500677533447742,0.4992697238922119,0.6898003220558167,-0.012978088110685349,0.502437174320221,0.7021248936653137,-0.015676205977797508,0.5041375160217285,0.7139554023742676,-0.01785242184996605,0.5116181373596191,0.6744990944862366,-0.011790037155151367,0.5164934992790222,0.6920431852340698,-0.015091858804225922,0.5188862681388855,0.7058513760566711,-0.016865216195583344,0.5198226571083069,0.7168790698051453,-0.017808344215154648,0.5150598287582397,0.6690883636474609,-0.008429272100329399,0.5212511420249939,0.6838362812995911,-0.01120579894632101,0.5245552659034729,0.6978743672370911,-0.013030629605054855,0.5265474915504456,0.71029132604599,-0.014488819986581802,0.5163494348526001,0.6676837801933289,-0.00536224152892828,0.5213087201118469,0.6833291053771973,-0.007721442263573408,0.5230201482772827,0.6961131691932678,-0.010109114460647106,0.5238544940948486,0.7066059112548828,-0.011865521781146526,0.5162788033485413,0.6689543724060059,-0.002838995074853301,0.5202374458312988,0.6811475157737732,-0.004752935841679573,0.5217401385307312,0.6903780698776245,-0.006504952907562256,0.52249675989151,0.698351263999939,-0.007844177074730396,13.791652799999952
0.48777735233306885,0.6719595193862915,0.0,0.4951675236225128,0.6836373209953308,0.0009542428306303918,0.5011131167411804,0.6937245726585388,-0.0014582654694095254,0.5040732026100159,0.7066987752914429,-0.004815136082470417,0.5059006810188293,0.7187795042991638,-0.007970285601913929,0.5189144015312195,0.680266797542572,-0.0053427377715706825,0.5255984663963318,0.6978523135185242,-0.008663932792842388,0.5237428545951843,0.706124484539032,-0.009654310531914234,0.5217006802558899,0.7090645432472229,-0.010175373405218124,0.5181703567504883,0.6765817999839783,-0.008686214685440063,0.5244556069374084,0.6978999376296997,-0.01121368445456028,0.5231204628944397,0.7073358297348022,-0.010288587771356106,0.5215024352073669,0.71101313829422,-0.010046972893178463,0.5138095021247864,0.6759302616119385,-0.011840514838695526,0.5196411609649658,0.6974548697471619,-0.01463101152330637,0.5191569924354553,0.7070711851119995,-0.013791835866868496,0.5179699063301086,0.7119816541671753,-0.013473261147737503,0.5074288845062256,0.6786201596260071,-0.014990247786045074,0.5094009637832642,0.6972465515136719,-0.01720726117491722,0.5082590579986572,0.7067416906356812,-0.016360823065042496,0.5064988136291504,0.7128040790557861,-0.015706302598118782,14.014994399999978
0.49066948890686035,0.6732580661773682,0.0,0.496685653924942,0.6855816841125488,-0.001513614784926176,0.5012674331665039,0.6974095106124878,-0.005522658582776785,0.5032574534416199,0.7119249105453491,-0.010115537792444229,0.5043632388114929,0.7227861881256104,-0.01479042787104845,0.5140707492828369,0.6783151626586914,-0.011273846961557865,0.5189663767814636,0.6940867900848389,-0.017056018114089966,0.5185619592666626,0.7053858637809753,-0.019771816208958626,0.5179363489151001,0.7129578590393066,-0.0213872492313385,0.5145825743675232,0.6743435263633728,-0.014093181118369102,0.5195189118385315,0.6926818490028381,-0.019645074382424355,0.5204450488090515,0.7062457203865051,-0.020808808505535126,0.5202968120574951,0.7150958180427551,-0.021928437054157257,0.5120341181755066,0.6737934947013855,-0.016598958522081375,0.5168460607528687,0.69277024269104,-0.02182597853243351,0.5180962681770325,0.706399142742157,-0.022516869008541107,0.518204927444458,0.7159268856048584,-0.023148396983742714,0.5078095197677612,0.6768824458122253,-0.019149092957377434,0.5091831088066101,0.6945372223854065,-0.023006703704595566,0.5086241960525513,0.7058023810386658,-0.02308283932507038,0.5074869990348816,0.7142343521118164,-0.023132214322686195,14.12742890000004
0.4987408220767975,0.6660756468772888,0.0,0.49837183952331543,0.6757883429527283,-0.007338954135775566,0.5005889534950256,0.6892902851104736,-0.01109557319432497,0.5025792717933655,0.7025977373123169,-0.013273145072162151,0.5038049221038818,0.7144917249679565,-0.014874101616442204,0.5139197707176208,0.6740467548370361,-0.010638413950800896,0.5183607935905457,0.6926590204238892,-0.013334754854440689,0.5205202698707581,0.7057912349700928,-0.014688501134514809,0.5221260786056519,0.7156737446784973,-0.01542636938393116,0.517385721206665,0.6693699955940247,-0.007830526679754257,0.521576464176178,0.6883159875869751,-0.010094953700900078,0.5236124396324158,0.7020726203918457,-0.01124459970742464,0.524925708770752,0.7132538557052612,-0.012269601225852966,0.5187487006187439,0.6683388948440552,-0.005222131963819265,0.5226046442985535,0.6862320303916931,-0.007200857624411583,0.5233085751533508,0.697086751461029,-0.008810874074697495,0.5234882831573486,0.7057772278785706,-0.01007092371582985,0.518973708152771,0.6695878505706787,-0.003108137520030141,0.5222057104110718,0.6836196780204773,-0.004821491427719593,0.522232711315155,0.6918030381202698,-0.005984769202768803,0.5215241312980652,0.6983571648597717,-0.006813665386289358,14.311598799999956
0.48529258370399475,0.662298858165741,0.0,0.488267183303833,0.6689236760139465,-0.008895380422472954,0.49315160512924194,0.6805416345596313,-0.014676849357783794,0.49542009830474854,0.6981212496757507,-0.018914509564638138,0.49695414304733276,0.7151819467544556,-0.022775916382670403,0.5038948059082031,0.6621953845024109,-0.01680009439587593,0.5135422348976135,0.6735033988952637,-0.023286614567041397,0.5175613760948181,0.6872484087944031,-0.02687847428023815,0.5197452902793884,0.6982190012931824,-0.028956998139619827,0.5035607218742371,0.6663041710853577,-0.01488747913390398,0.5107131600379944,0.6830236911773682,-0.02176191657781601,0.5138176083564758,0.6996644139289856,-0.024919891729950905,0.5156759023666382,0.7129745483398438,-0.02698461338877678,0.5018839240074158,0.6720902919769287,-0.013058719225227833,0.5068683624267578,0.6895001530647278,-0.019320189952850342,0.5085088610649109,0.7048694491386414,-0.021695483475923538,0.5096526741981506,0.7173413038253784,-0.02304186299443245,0.4992239475250244,0.6792164444923401,-0.011726987548172474,0.5033494234085083,0.6946542263031006,-0.016199283301830292,0.5039658546447754,0.7045320272445679,-0.01765988953411579,0.5035094022750854,0.7123201489448547,-0.018523214384913445,15.902759899999978
0.49397414922714233,0.6577101945877075,0.0,0.48788413405418396,0.665772020816803,-0.008228135295212269,0.48573270440101624,0.6761500835418701,-0.015168465673923492,0.4857328534126282,0.6895089149475098,-0.020944958552718163,0.48698216676712036,0.7028498649597168,-0.02684616670012474,0.4904034435749054,0.6622753739356995,-0.02214111015200615,0.49210453033447266,0.6782184839248657,-0.02950960211455822,0.493424654006958,0.6938599348068237,-0.03253956139087677,0.49424171447753906,0.7053995728492737,-0.03415297716856003,0.5010983347892761,0.659064531326294,-0.02130245417356491,0.5064554214477539,0.6748201847076416,-0.028497427701950073,0.5094860196113586,0.6946642398834229,-0.030954694375395775,0.510527491569519,0.7106361389160156,-0.032896701246500015,0.5095149874687195,0.6589776873588562,-0.019850928336381912,0.51637864112854,0.674582302570343,-0.025457238778471947,0.5192422270774841,0.6937422156333923,-0.02709922008216381,0.5208146572113037,0.7098953723907471,-0.028775908052921295,0.5161948204040527,0.6627914309501648,-0.0188069399446249,0.5214473009109497,0.6786787509918213,-0.02264668047428131,0.5225937962532043,0.6916718482971191,-0.023681728169322014,0.5225092172622681,0.7027164697647095,-0.024820785969495773,16.652256599999987
0.4893099069595337,0.6567214131355286,0.0,0.485505074262619,0.6665959358215332,-0.010256327688694,0.4865003824234009,0.6809697151184082,-0.0175277478992939,0.4896538555622101,0.6963816285133362,-0.022881878539919853,0.4931742548942566,0.7106631398200989,-0.02822265587747097,0.4912455976009369,0.665006160736084,-0.023344634100794792,0.4933156669139862,0.6819308400154114,-0.03110128827393055,0.4942757189273834,0.6938139796257019,-0.03449862822890282,0.4955231845378876,0.7029625177383423,-0.036493171006441116,0.4999586045742035,0.6607882380485535,-0.0211312435567379,0.5069457292556763,0.6782466173171997,-0.029414070770144463,0.5120296478271484,0.6951445937156677,-0.03375277668237686,0.5156590342521667,0.7091748714447021,-0.037027329206466675,0.5067670345306396,0.659549355506897,-0.018638985231518745,0.514114260673523,0.6776344180107117,-0.026007121428847313,0.5182245969772339,0.6941385865211487,-0.0308119747787714,0.5213923454284668,0.70753014087677,-0.03420879319310188,0.5121884346008301,0.6616827249526978,-0.01642310619354248,0.5179254412651062,0.675642192363739,-0.021914992481470108,0.5207782983779907,0.6868286728858948,-0.025514211505651474,0.5227172374725342,0.696742832660675,-0.028392545878887177,16.798881700000038
0.48927900195121765,0.6524567008018494,0.0,0.4835229814052582,0.6612886786460876,-0.012158054858446121,0.48083093762397766,0.67249596118927,-0.021772438660264015,0.478422075510025,0.6799373030662537,-0.029178034514188766,0.47564083337783813,0.6859709024429321,-0.0365360789000988,0.49061882495880127,0.6713760495185852,-0.027880579233169556,0.49571922421455383,0.6911165714263916,-0.03706708922982216,0.4975884258747101,0.7047923803329468,-0.04153245687484741,0.49874985218048096,0.7155016660690308,-0.04426003247499466,0.49950388073921204,0.6660217046737671,-0.025403469800949097,0.509443998336792,0.6847313642501831,-0.03470698371529579,0.512760579586029,0.7023428082466125,-0.039418332278728485,0.5153728723526001,0.7170525789260864,-0.04292773827910423,0.5058857798576355,0.6625826954841614,-0.022645726799964905,0.5163874626159668,0.6798453330993652,-0.030433712527155876,0.5189939737319946,0.6968143582344055,-0.03544757142663002,0.5210794806480408,0.7110754251480103,-0.03904274106025696,0.5101671814918518,0.6617234945297241,-0.02027945965528488,0.5178653597831726,0.6751410961151123,-0.025543028488755226,0.5203776359558105,0.6856807470321655,-0.028960321098566055,0.5217335820198059,0.6947457194328308,-0.031927358359098434,18.134933400000023
0.49143528938293457,0.6526662111282349,0.0,0.484676331281662,0.6612547039985657,-0.010008810088038445,0.48046576976776123,0.6728261709213257,-0.018591558560729027,0.4771103858947754,0.6792322397232056,-0.025230292230844498,0.4742080569267273,0.6814731955528259,-0.03181969374418259,0.49122390151023865,0.6710160374641418,-0.025588123127818108,0.49549922347068787,0.6923587918281555,-0.033605050295591354,0.4981008768081665,0.7073071002960205,-0.03742741420865059,0.5002049207687378,0.7197426557540894,-0.039811041206121445,0.5003610849380493,0.6656935214996338,-0.0236875768750906,0.509976863861084,0.6855319738388062,-0.03200182318687439,0.5134887099266052,0.7033804059028625,-0.03601036220788956,0.5155948996543884,0.7187227010726929,-0.03901039808988571,0.5070010423660278,0.6620624661445618,-0.021245460957288742,0.5176178216934204,0.679183840751648,-0.027982197701931,0.5202144384384155,0.6956936717033386,-0.032096054404973984,0.5215727090835571,0.7096233367919922,-0.03512894734740257,0.5115489363670349,0.6610323786735535,-0.019062208011746407,0.5195699334144592,0.6750050187110901,-0.02362612448632717,0.5219064950942993,0.6863894462585449,-0.026504207402467728,0.5227879881858826,0.6968432664871216,-0.029083972796797752,18.190050199999973
0.4916348457336426,0.653853714466095,0.0,0.48511332273483276,0.6619582772254944,-0.008168172091245651,0.4806562662124634,0.6722422242164612,-0.01575961522758007,0.4760857820510864,0.6754242181777954,-0.021845249459147453,0.4715660810470581,0.6723753809928894,-0.027888011187314987,0.4923996031284332,0.6727735996246338,-0.02162454091012478,0.4968162477016449,0.6938996315002441,-0.02861897647380829,0.4992840588092804,0.7079850435256958,-0.03197697177529335,0.5010999441146851,0.7198765277862549,-0.034060463309288025,0.5008377432823181,0.6675401926040649,-0.020535966381430626,0.5103633403778076,0.6866326332092285,-0.02767055295407772,0.5142587423324585,0.7038434743881226,-0.03098643384873867,0.5165292620658875,0.7189236879348755,-0.03347604349255562,0.5067965984344482,0.6635704636573792,-0.018946241587400436,0.5178835988044739,0.6796540021896362,-0.02455194853246212,0.5209288001060486,0.6949617266654968,-0.027479132637381554,0.5223744511604309,0.7079753279685974,-0.0297225471585989,0.5108832120895386,0.661571741104126,-0.017634183168411255,0.5199622511863708,0.6749125719070435,-0.0212300606071949,0.5229468941688538,0.685306966304779,-0.023113641887903214,0.5242229700088501,0.6952875852584839,-0.024934733286499977,18.238855899999976
0.49190202355384827,0.6532184481620789,0.0,0.4850270748138428,0.6612221002578735,-0.01066471729427576,0.4804146885871887,0.6708083748817444,-0.020129788666963577,0.47653719782829285,0.6734797358512878,-0.02755327895283699,0.47287774085998535,0.6717220544815063,-0.03493262454867363,0.49234965443611145,0.6723109483718872,-0.026950271800160408,0.49646785855293274,0.6933152675628662,-0.03576255962252617,0.49916839599609375,0.7087399959564209,-0.040419578552246094,0.5010634660720825,0.7219226360321045,-0.043443918228149414,0.5011457800865173,0.6679567694664001,-0.024990703910589218,0.5107041597366333,0.6857005953788757,-0.03431267291307449,0.514106273651123,0.7039362788200378,-0.0392560176551342,0.5159176588058472,0.7205277681350708,-0.042924996465444565,0.5074220299720764,0.6645586490631104,-0.022488318383693695,0.5186684727668762,0.6792682409286499,-0.030047224834561348,0.5223418474197388,0.6955335736274719,-0.035102758556604385,0.5246094465255737,0.7103099822998047,-0.03878825530409813,0.5115170478820801,0.6634002923965454,-0.020243732258677483,0.5203648805618286,0.6751922369003296,-0.02537332847714424,0.5234777927398682,0.6862108111381531,-0.028883079066872597,0.5249024629592896,0.6975626945495605,-0.03200577571988106,18.28198520000001
0.4931660294532776,0.6536110639572144,0.0,0.48645228147506714,0.6620486378669739,-0.009239464066922665,0.48158273100852966,0.6721839308738708,-0.01779443956911564,0.47708433866500854,0.6741584539413452,-0.02471354231238365,0.47189369797706604,0.6695319414138794,-0.031673986464738846,0.4930556118488312,0.6737361550331116,-0.023741671815514565,0.4970591366291046,0.6936849355697632,-0.03183498606085777,0.4994352161884308,0.708138108253479,-0.03612512722611427,0.5014083385467529,0.7209280729293823,-0.03892214223742485,0.5018244385719299,0.6692296266555786,-0.022569997236132622,0.510962963104248,0.68760746717453,-0.030887387692928314,0.5142141580581665,0.7057902812957764,-0.035206157714128494,0.5161632895469666,0.7223835587501526,-0.03850749507546425,0.5081515312194824,0.6655594706535339,-0.020983198657631874,0.5187108516693115,0.6807841062545776,-0.027713479474186897,0.5221987962722778,0.6966673731803894,-0.032057587057352066,0.5244256258010864,0.7109770178794861,-0.03532181680202484,0.5125195384025574,0.6638177633285522,-0.019674962386488914,0.5208868384361267,0.6761698126792908,-0.024258099496364594,0.5238061547279358,0.687214195728302,-0.02723570540547371,0.5252730250358582,0.6983410716056824,-0.029942473396658897,18.332579200000055
0.4926915764808655,0.6541224122047424,0.0,0.48582714796066284,0.6639374494552612,-0.009109924547374249,0.48354873061180115,0.6771795749664307,-0.01696009747684002,0.4831528961658478,0.684869647026062,-0.022487014532089233,0.48320311307907104,0.6881789565086365,-0.02770163305103779,0.4921633005142212,0.6731175184249878,-0.025795938447117805,0.49612754583358765,0.6943201422691345,-0.033477865159511566,0.4982903301715851,0.7112444043159485,-0.03658707067370415,0.49912023544311523,0.7244936227798462,-0.038321152329444885,0.5009138584136963,0.6676666736602783,-0.02332982048392296,0.5115141868591309,0.6868901252746582,-0.031843576580286026,0.5145800709724426,0.7061057090759277,-0.03530285134911537,0.5154765844345093,0.7225306630134583,-0.03771660849452019,0.5075609087944031,0.6647037267684937,-0.02004363015294075,0.5193559527397156,0.681000828742981,-0.027206458151340485,0.5227006673812866,0.6985971927642822,-0.031093688681721687,0.5245917439460754,0.7137562036514282,-0.033677808940410614,0.5123871564865112,0.6651838421821594,-0.016715122386813164,0.5212522149085999,0.6782597303390503,-0.021366581320762634,0.5241020321846008,0.6904011368751526,-0.024192389100790024,0.5255254507064819,0.7026103734970093,-0.02664368599653244,18.380640500000027
0.49430444836616516,0.6558424830436707,0.0,0.4870114028453827,0.664406418800354,-0.00901594664901495,0.48221397399902344,0.6746686697006226,-0.0173505712300539,0.47937721014022827,0.677314043045044,-0.02375246211886406,0.4769009053707123,0.6758968830108643,-0.030049292370676994,0.4929753839969635,0.6746965646743774,-0.024795878678560257,0.49680352210998535,0.6949062347412109,-0.032778847962617874,0.49967825412750244,0.7105387449264526,-0.0367799736559391,0.5015549063682556,0.7232803106307983,-0.03920880705118179,0.5015264749526978,0.6694434285163879,-0.02301555871963501,0.5106589794158936,0.6886138319969177,-0.031450074166059494,0.5135083794593811,0.7075936198234558,-0.03541179373860359,0.5146365761756897,0.7239095568656921,-0.038264088332653046,0.5080851316452026,0.6657480597496033,-0.020571865141391754,0.5183632969856262,0.6831150650978088,-0.027562951669096947,0.5211248397827148,0.7010690569877625,-0.03169635683298111,0.522684633731842,0.7163683772087097,-0.034593161195516586,0.5130197405815125,0.6644895672798157,-0.018214691430330276,0.5208958983421326,0.6782150268554688,-0.022799942642450333,0.5232843160629272,0.6904893517494202,-0.025589829310774803,0.5242513418197632,0.7023916840553284,-0.028079083189368248,18.428261700000007
0.4943813979625702,0.6567422151565552,0.0,0.4877670109272003,0.6666258573532104,-0.00804292131215334,0.48522940278053284,0.6800425052642822,-0.015047860331833363,0.48471900820732117,0.68726646900177,-0.019999459385871887,0.48531800508499146,0.6903111934661865,-0.024748405441641808,0.4923684000968933,0.6746094822883606,-0.023629657924175262,0.4963962137699127,0.695024847984314,-0.030640948563814163,0.4987368881702423,0.7109503149986267,-0.03338445723056793,0.500148594379425,0.7237794995307922,-0.03490036353468895,0.5012602806091309,0.6690693497657776,-0.021688716486096382,0.5113566517829895,0.6894729733467102,-0.02948637306690216,0.514829158782959,0.7085692882537842,-0.032613012939691544,0.5164840817451477,0.7247205376625061,-0.0348544716835022,0.5084113478660583,0.665895938873291,-0.018942764028906822,0.5191600322723389,0.68408203125,-0.025560004636645317,0.5221232771873474,0.7021278142929077,-0.0290015060454607,0.5238807201385498,0.7172420024871826,-0.031356118619441986,0.5138993859291077,0.6659720540046692,-0.016140954568982124,0.5218304395675659,0.6810964345932007,-0.02049754187464714,0.5240738987922668,0.6944040656089783,-0.022985929623246193,0.5250145792961121,0.7067005634307861,-0.025183219462633133,18.472992299999987
0.49119532108306885,0.6612550616264343,0.0,0.49245309829711914,0.6759412288665771,-0.002248300239443779,0.498220831155777,0.6921238303184509,-0.005161675158888102,0.5029683113098145,0.7087193131446838,-0.0077812084928154945,0.5051193237304688,0.7229366302490234,-0.010439123027026653,0.5026260018348694,0.6791152954101562,-0.010766892693936825,0.5089319348335266,0.6968406438827515,-0.015959730371832848,0.512082040309906,0.7134460806846619,-0.017853103578090668,0.513119637966156,0.7268672585487366,-0.018638528883457184,0.5073772072792053,0.672159731388092,-0.011967834085226059,0.5181879997253418,0.687559187412262,-0.017092416062951088,0.5239427089691162,0.70427405834198,-0.018776295706629753,0.5269119739532471,0.7197070121765137,-0.01995132490992546,0.5102458596229553,0.6672489047050476,-0.012945401482284069,0.5205516219139099,0.6838976144790649,-0.017559651285409927,0.5250982046127319,0.7006142735481262,-0.01924429088830948,0.5280424952507019,0.7156352996826172,-0.0203713346272707,0.5110383629798889,0.6657934188842773,-0.013884703628718853,0.5188024640083313,0.6792246103286743,-0.017728453502058983,0.5229886770248413,0.689759373664856,-0.01908748596906662,0.5259754657745361,0.6995951533317566,-0.019967595115303993,18.715081000000055
0.49382925033569336,0.6628332734107971,0.0,0.4942304193973541,0.6778742671012878,-0.0051979185082018375,0.49899888038635254,0.6941338777542114,-0.010000945068895817,0.5031571388244629,0.7095293998718262,-0.013784127309918404,0.5055385828018188,0.7229423522949219,-0.01770164631307125,0.49924153089523315,0.6799876093864441,-0.017281902953982353,0.5035256743431091,0.6958407163619995,-0.02422659657895565,0.5052681565284729,0.7098748683929443,-0.026805900037288666,0.5055638551712036,0.7206098437309265,-0.027996983379125595,0.5055525898933411,0.6721825003623962,-0.017269007861614227,0.5151849985122681,0.6884433627128601,-0.02455773949623108,0.519939661026001,0.7061321139335632,-0.02744319476187229,0.5227457284927368,0.7217178344726562,-0.02945323847234249,0.5104201436042786,0.666709303855896,-0.01691768318414688,0.5208213329315186,0.6824953556060791,-0.023257356137037277,0.5253461003303528,0.6998268961906433,-0.026405608281493187,0.5287224650382996,0.7152172327041626,-0.028585389256477356,0.5137020945549011,0.6648574471473694,-0.01653001457452774,0.5219994783401489,0.6777105331420898,-0.021472124382853508,0.5262988805770874,0.689014732837677,-0.02402767539024353,0.5295701622962952,0.6994053721427917,-0.0259734895080328,18.758065099999953
0.49510106444358826,0.6643691658973694,0.0,0.4957864284515381,0.6794198751449585,-0.004388231784105301,0.5013359189033508,0.6961262822151184,-0.008114302530884743,0.5053815245628357,0.7112147808074951,-0.010888776741921902,0.5068215727806091,0.7232450246810913,-0.01369611918926239,0.502328097820282,0.6826416254043579,-0.013533376157283783,0.5061207413673401,0.6984900236129761,-0.0190699752420187,0.5083997845649719,0.7129724025726318,-0.021059682592749596,0.5096232891082764,0.7254823446273804,-0.021920977160334587,0.5071730613708496,0.674270510673523,-0.013238134793937206,0.5166410803794861,0.6860721111297607,-0.019054723903536797,0.5213320255279541,0.7007519602775574,-0.020989663898944855,0.5241390466690063,0.7146984338760376,-0.02220180816948414,0.5108456611633301,0.6677567958831787,-0.012726367451250553,0.5208088755607605,0.6790696978569031,-0.017896149307489395,0.5256030559539795,0.6924298405647278,-0.02024448662996292,0.5293914079666138,0.7053800225257874,-0.02167857252061367,0.513069212436676,0.664586067199707,-0.012184236198663712,0.520877480506897,0.6732579469680786,-0.01614817976951599,0.5250868201255798,0.6817561388015747,-0.01807735674083233,0.5287915468215942,0.690802812576294,-0.01941521465778351,18.80933689999995
0.4924604892730713,0.6687504649162292,0.0,0.4931550920009613,0.6833927631378174,-0.0036754102911800146,0.49629345536231995,0.6960328221321106,-0.008290852420032024,0.50009685754776,0.7113913297653198,-0.01264146901667118,0.5029296278953552,0.7237403392791748,-0.01716107875108719,0.5037285089492798,0.6796904802322388,-0.01541550550609827,0.5084972977638245,0.6934540867805481,-0.021719923242926598,0.5096314549446106,0.7072793841362,-0.024265609681606293,0.5094923973083496,0.7176837921142578,-0.02566375955939293,0.5102760195732117,0.6730492115020752,-0.016884593293070793,0.5191267132759094,0.6875629425048828,-0.02303336001932621,0.5231907963752747,0.705376923084259,-0.025098197162151337,0.5245466232299805,0.7190254926681519,-0.026847148314118385,0.514356255531311,0.6698364615440369,-0.017949074506759644,0.5226601958274841,0.6859083771705627,-0.023409252986311913,0.5259290337562561,0.7038664817810059,-0.025308268144726753,0.5275228023529053,0.7176843881607056,-0.026949826627969742,0.5161869525909424,0.6708948612213135,-0.0191042423248291,0.5212036967277527,0.687700629234314,-0.02345213107764721,0.5217053294181824,0.7013127207756042,-0.024603158235549927,0.5210155248641968,0.711645781993866,-0.025552036240696907,19.37897810000004
0.4873362183570862,0.6574054956436157,0.0,0.4873588979244232,0.6697360277175903,-0.0051510632038116455,0.4911470115184784,0.6854689717292786,-0.009567994624376297,0.4952707290649414,0.702035129070282,-0.0132323382422328,0.4982343316078186,0.7169443368911743,-0.016848305240273476,0.4945640563964844,0.6726084351539612,-0.014599034562706947,0.49944841861724854,0.6899696588516235,-0.02081403136253357,0.5014162659645081,0.7047463059425354,-0.023222418501973152,0.5023882985115051,0.7160646915435791,-0.02437353879213333,0.5014421343803406,0.665881335735321,-0.014700944535434246,0.5117815136909485,0.6830008625984192,-0.0209791362285614,0.5172468423843384,0.6999233961105347,-0.023706339299678802,0.5208035707473755,0.7143797278404236,-0.025690710172057152,0.5064470171928406,0.661662757396698,-0.014657500199973583,0.5166235566139221,0.6797031164169312,-0.020230351015925407,0.5204733610153198,0.6974457502365112,-0.023031745105981827,0.5233709216117859,0.71265709400177,-0.02500356361269951,0.5097749829292297,0.6606751680374146,-0.014723553322255611,0.5175261497497559,0.6744027733802795,-0.018809901550412178,0.5206925868988037,0.685385525226593,-0.020724404603242874,0.5227516889572144,0.6955169439315796,-0.022238079458475113,19.914509199999998
0.48929134011268616,0.6571810245513916,0.0,0.4883996546268463,0.6703548431396484,-0.007397941779345274,0.49256524443626404,0.6873464584350586,-0.0132805360481143,0.4968744218349457,0.7035219669342041,-0.01761501096189022,0.4990542531013489,0.7170382142066956,-0.02190895937383175,0.4944646954536438,0.6742486953735352,-0.020621124655008316,0.500194251537323,0.6917093396186829,-0.028116894885897636,0.5027055144309998,0.7077974677085876,-0.03104206919670105,0.5036055445671082,0.7204386591911316,-0.03249301016330719,0.5014220476150513,0.6655598282814026,-0.01955197937786579,0.5126261115074158,0.6808527708053589,-0.02712256833910942,0.5179518461227417,0.69866943359375,-0.030215108767151833,0.5209084749221802,0.7143147587776184,-0.032455798238515854,0.5065212845802307,0.6600459218025208,-0.018164413049817085,0.5173496007919312,0.6764461994171143,-0.02465667575597763,0.521449863910675,0.6946849822998047,-0.0281932782381773,0.524304211139679,0.710264265537262,-0.030693937093019485,0.5097384452819824,0.6585577130317688,-0.01687128283083439,0.5177127122879028,0.6724372506141663,-0.021890973672270775,0.5213022232055664,0.6849890351295471,-0.024656446650624275,0.5237407088279724,0.696049153804779,-0.026796849444508553,19.965058099999965
0.4910059869289398,0.6587948799133301,0.0,0.49070534110069275,0.6728156805038452,-0.005365824792534113,0.4955540597438812,0.6901622414588928,-0.00977521762251854,0.5000225901603699,0.7057164907455444,-0.012985126115381718,0.5023164749145508,0.7185746431350708,-0.016184642910957336,0.49549615383148193,0.67592453956604,-0.016077261418104172,0.4998449981212616,0.6917420029640198,-0.022040002048015594,0.5024068355560303,0.7058937549591064,-0.02419659122824669,0.504311740398407,0.7176195383071899,-0.025200262665748596,0.5016950368881226,0.6678295731544495,-0.015378744341433048,0.511406421661377,0.6842716336250305,-0.02180282585322857,0.5163583159446716,0.7019440531730652,-0.024301771074533463,0.5197976231575012,0.7176494002342224,-0.025970598682761192,0.5067246556282043,0.6619419455528259,-0.014312602579593658,0.5171036720275879,0.6777187585830688,-0.020017240196466446,0.5217860341072083,0.6942297220230103,-0.02286371961236,0.5254005789756775,0.7090368866920471,-0.02467268705368042,0.5104718804359436,0.659481406211853,-0.013181573711335659,0.5186624526977539,0.671376645565033,-0.01732342131435871,0.5226306319236755,0.6825081706047058,-0.019419291988015175,0.525640070438385,0.6928508281707764,-0.020958976820111275,20.013762300000053
